bundle_id,appetizer,main_dish,dessert
242,8626,8652,17652
885,15034,25272,24843
1077,24745,26460,17652
1187,15184,55872,19017
1340,13062,13218,10813
1604,12997,8627,7495
1949,17319,16664,12409
2108,15184,8941,12682
2230,21649,8941,20144
2759,14978,8652,17652
2771,13933,40450,6984
2821,24332,36766,10497
3943,15820,8640,16080
3968,40399,24002,15880
4013,14350,8652,8333
4996,15206,22298,10402
5085,13313,8963,21597
5483,17319,24209,6984
5511,14231,15807,17652
5777,6725,8627,9471
5868,82659,13218,26019
5959,14231,20096,6865
5960,24598,8694,12409
6092,12974,8694,7402
6425,8994,70785,17652
3909,9111,16066,10687
6677,6698,26317,13477
7308,139012,80969,7177
7514,14231,8647,21412
7520,12997,24087,24059
2340,8994,11729,22724
7903,17319,8694,24059
8078,25155,55872,15067
8794,16729,14693,17652
9130,9353,23567,10813
9136,86229,14690,14469
7663,16845,11864,9471
9461,14809,22298,24059
9488,19402,14562,9471
10033,21753,14746,16080
8824,8584,17926,15880
10411,139012,26257,9471
10431,17753,16066,12409
10509,16073,17991,9471
10574,68461,8700,6865
10589,15141,8694,12409
10847,15141,17628,10497
389,14944,13218,16080
11078,20242,8963,20144
11093,15206,17227,12142
11342,6784,21391,8446
3630,19402,8652,6984
4194,14231,21391,17291
11480,34613,11925,25037
11827,13113,16207,14469
12415,15206,26317,24145
12666,14196,25272,9838
12693,6698,16573,12409
12778,12963,13023,17652
12837,20858,16881,19897
13088,68461,6776,67656
13109,15184,84270,7177
13113,33118,16332,17652
13167,16570,13218,11587
13169,13768,13218,21398
13177,16570,14690,7177
13376,18318,8652,18980
13449,6698,16066,10813
13558,16729,8565,10813
13630,14930,8652,14469
13649,19670,46653,9926
13712,12997,70343,19017
13837,17848,24002,12409
2481,13941,16427,6865
6936,17897,13717,17652
14068,25155,16573,12409
10791,9111,14595,12682
14288,19670,17227,20144
14291,24332,26460,10884
14363,17319,8887,11646
14925,9111,16348,10917
15293,15206,21261,19017
15315,15184,8669,6865
15382,16570,24002,9362
15801,13941,16276,11376
15804,14922,8652,20144
15828,8994,25203,7177
15829,19670,18411,10917
4454,19402,25203,20144
15944,23312,16416,12409
16090,14944,56927,17652
12937,6725,8817,6984
16111,6698,24002,76594
6715,15184,11758,6865
16218,21551,20225,17652
16334,8932,26257,51301
16372,18318,14685,10294
17333,16729,81108,12181
17445,14132,16066,50050
17571,13933,16239,8350
17580,15820,17227,22724
17618,20446,16700,21712
17847,9111,13717,9471
18041,16570,25203,20144
18070,17753,25371,12409
18253,12992,23567,17652
18303,14291,16700,10549
3205,12997,14595,6865
18476,17753,16700,17652
18606,11800,16066,20144
18607,16729,25160,7177
13942,8994,16348,8350
325,6784,16881,17652
1079,25505,12720,19897
8138,16729,84270,24378
8575,19611,12942,9926
15823,12974,8652,9471
19213,6725,20701,6984
19231,19402,8652,17652
19333,26819,14606,9471
19353,6698,16276,12298
19490,18003,23600,12701
19560,15184,24264,10687
19668,14829,14595,14469
19676,24332,11729,16080
19708,24332,16881,22724
19742,26297,26317,9471
19857,16907,13045,20144
19883,26301,13333,17165
19888,82659,26460,6984
19954,14830,13079,15093
20072,14231,13464,21597
7291,17848,14685,12682
2431,24745,11967,13477
20378,21080,23404,51301
20793,14830,12720,24843
20897,19611,24209,9471
21017,15184,13717,15964
21018,14431,8652,15880
21160,24332,11967,17652
21246,17319,32148,20144
21349,15820,16700,11646
21355,24332,8652,7926
21472,24332,24087,12682
21509,25502,61727,6865
21886,17319,8652,49383
21951,19402,17227,12409
22063,13838,18327,21398
22093,58868,89539,9471
5719,19402,17991,9362
2581,24332,17227,21398
8119,19402,19766,7177
22579,13933,16066,6788
22652,13930,24264,10687
22679,23929,18217,20144
22689,14231,8941,18980
3091,15206,16066,6984
23161,17319,12775,10402
23198,25155,16348,18980
23224,16082,8847,20144
23275,15184,16881,17006
23398,13313,8963,12377
23448,8994,8652,21014
23610,21694,70343,24090
23723,16098,13948,16080
23932,13313,18775,19017
10753,24643,8694,21014
23988,17319,20171,14148
19217,16570,16881,16080
24301,15184,14714,10813
24306,12997,14295,20144
24325,14944,16066,7987
24476,17848,13041,9471
1712,52047,46653,9471
5289,25887,46653,10497
25605,12974,26257,14469
25647,17319,20462,6865
26048,16665,17991,17481
6118,16129,20916,20144
26267,19402,20675,7547
15942,12771,8652,12409
26796,24740,26317,10757
26797,14132,14595,21014
26984,8626,21391,21672
27200,98579,25321,9926
27270,15034,8565,20144
27288,13426,16700,15880
27390,23312,45954,20144
27399,48156,14685,7177
2006,21551,11805,17652
27555,14930,11967,21398
27556,14278,21174,14469
27653,24332,18874,10497
27671,19402,8652,9926
704,26297,12009,9471
1873,23312,25445,7016
23379,15368,55872,54628
27807,16665,8565,7495
1231,19402,12775,6865
13421,15184,18775,17006
28221,71722,18327,10776
28468,21551,8847,8101
27983,17848,6776,10497
28498,14231,16416,24445
2322,9111,14595,11587
28550,8626,51283,24090
28672,18318,21391,20144
28887,8994,16881,7515
29305,9111,11815,20144
19212,59671,16066,21014
11499,68461,89539,10402
30050,23312,8652,18980
30114,24833,19766,12409
30250,40399,39748,25037
2788,69919,24209,9471
29020,26819,16276,6865
11636,17319,16276,6788
30699,17319,8536,10687
30909,15820,14967,6984
30997,12992,55872,9471
31036,15141,50644,22755
31040,9353,8941,21398
31170,17319,8694,19009
31224,9111,8647,12409
31345,13933,12720,21205
31442,9111,8652,17652
31648,15034,220125,93290
31944,22163,55872,20144
31996,24332,24263,21597
31998,12992,16881,7547
5308,15077,16066,20144
29272,16845,8694,7515
32359,18318,13333,17652
32427,23702,21261,12151
32475,23596,8887,14148
32517,12974,8694,17481
30315,15184,25203,7402
32645,12997,16881,12298
32662,19402,13023,18980
32869,9111,21261,22544
33145,16570,51283,9999
33188,15368,16276,7547
2470,14278,45954,8350
5206,14231,8652,24059
25481,15184,21391,7016
33596,15184,13218,10177
218,62686,46653,7402
33773,16098,26460,11587
33870,17069,50644,10687
34061,21080,8941,19009
34284,40399,16066,19079
22026,12241,8652,10745
34351,17897,16700,12481
34403,27070,26317,20144
23202,17753,16881,21014
34628,9111,9377,14469
34667,68461,70785,12409
34669,16570,89539,17775
24003,19402,26317,17013
34779,14281,18234,24445
35057,8849,23974,10402
35291,15184,8887,7016
35304,13933,20171,17652
35336,17550,8847,14148
35380,31845,14041,11376
35461,19402,8934,9471
35484,21551,24033,11376
7300,19402,23915,20144
35485,16129,8652,8236
14500,12974,13023,21014
35615,12997,8941,17691
35774,8584,14253,10497
35775,14231,16664,15869
35784,14132,8941,12409
29014,8994,16700,9926
35939,16098,23671,6865
32123,6784,13023,9471
14368,14830,13896,17652
36443,8994,8652,16853
36507,6784,13978,20144
36589,45515,89539,17691
23204,52047,8941,45397
23228,13838,19368,20144
36723,89452,13023,25091
37,16098,35200,10555
7568,45515,16066,12151
12634,45515,56927,21672
11798,14321,17227,22724
18227,45515,11815,20144
29684,16098,58642,17422
31985,20669,25371,14469
24010,24332,16573,8236
37455,14961,20963,12151
37743,17319,44989,21398
37769,13933,54702,8350
37787,19496,14595,10549
37794,13309,14713,8350
37889,24332,25203,14469
38032,13313,21261,12409
38089,20242,23874,19897
38154,18318,20963,17691
38321,13933,17991,6865
38400,9111,18069,21672
38542,26819,13218,10497
38574,16129,16685,17652
38848,16129,13464,11058
31760,6698,16276,20144
39695,16217,8627,10745
39864,13313,13045,19897
17103,14231,24264,9870
12137,25249,16066,20144
4455,14231,16700,21014
27103,31845,16354,20144
40311,68461,11729,8404
40333,20446,25203,6788
40339,17319,17227,12682
40429,24332,16573,10402
40555,22163,11864,20144
19045,18085,14169,10745
14501,14231,8580,10402
40790,16729,26460,7402
40816,9111,81108,10813
41135,14231,14169,7399
41160,68461,80969,17652
41501,15206,26257,12682
41525,24332,17227,21014
41812,15820,13333,41236
41881,15184,46653,25639
32675,14231,8694,20144
41965,19402,13045,21398
31186,19402,25203,12377
42137,14231,26317,17652
30643,24332,26317,21773
42311,20669,8887,21014
26889,59671,51283,21014
42759,26819,89539,10497
42940,8994,8694,33155
43098,20446,89539,40180
21032,70702,8694,7016
43334,26819,46653,15093
43514,6698,16731,12481
43648,19402,17092,17652
43702,18318,70343,18359
2363,25155,12942,20144
43991,15184,8941,12481
44002,24272,25321,8236
44007,21694,25203,22544
44016,6784,8652,51301
44028,8994,24087,19017
39675,16129,26317,18980
44427,18318,26583,7177
44602,21587,25203,10497
44643,68461,12942,10917
44654,19402,89539,21205
22574,15184,8627,6788
44995,9111,16354,7177
45153,13933,25445,15880
45208,26740,16427,127491
45358,98579,16700,15880
45385,16122,8694,18359
45402,84214,23874,51301
45451,15077,24087,10813
34981,13113,8694,15880
10789,16570,24264,6865
45819,8584,45954,24090
45943,68461,69538,20144
16370,89707,21261,22728
46142,24332,13218,24059
45564,6698,8694,12409
46716,25155,14685,19009
46804,8584,44989,7402
46878,13199,56927,6865
47265,23596,46653,6788
47278,19402,50644,20144
8501,24272,14685,17652
47586,15034,25300,20144
30076,8626,24685,25037
47866,24332,22298,21014
47910,8849,15715,9910
27588,18318,44868,10549
48033,16729,89261,20144
48051,40399,14495,12409
48074,24332,21391,7547
48100,20669,61727,21014
48190,21551,11967,21014
48215,13838,16239,6984
48223,15034,16664,12682
48246,16129,26257,8030
36801,21694,8652,7402
48318,21041,16276,20144
48387,12974,8734,12142
34523,19402,26317,21014
48780,17753,25874,12177
40077,19402,36766,17652
24460,35151,6776,22724
49200,12974,8694,21014
49360,17319,25203,10497
49446,14307,56927,9998
49460,98579,11689,6865
49511,24332,25203,6865
49616,14132,21261,12409
49721,74915,89539,51535
49726,14961,44868,9471
49944,14155,26460,7515
50000,14231,13041,15295
50164,23312,25445,6788
50234,15368,25371,22724
50348,14231,14685,10141
33166,6698,17991,10813
50407,74915,14690,6984
50586,21694,11864,17652
50767,12974,78299,10745
27326,15368,8941,20144
50838,12974,12942,12142
50959,26819,13218,6984
48490,8932,12720,17652
51162,8994,136476,14469
51286,13933,74077,20144
51361,48156,12942,12142
51412,20446,26317,7915
51453,6698,11864,16080
51203,17319,6776,7402
51491,68461,22927,16080
51572,16129,14153,17652
51603,143082,6776,21014
51659,90544,8847,11587
51850,33118,17991,24445
52136,14231,16066,22810
4056,19402,50644,16080
52402,9111,18217,20144
52409,24332,14595,6865
31216,21551,89539,9926
52563,15184,17227,14469
52586,42155,8652,24059
52639,9111,56927,10595
16425,26740,16700,13566
52776,14132,13096,10497
52786,14809,8720,9471
52824,14231,11998,20144
9939,15034,8694,6984
52882,87848,56927,6984
52916,82659,45954,21672
28586,69919,25272,6984
53248,14830,55860,10745
18313,13933,21174,6865
53505,14231,89539,15880
53696,24332,14584,10402
39130,17319,24087,22755
53932,68461,11973,9999
53946,14231,25203,25787
54018,9111,21391,13566
54023,12974,16293,21014
54078,69919,17991,22724
54180,13933,8694,12682
8959,24272,70785,93290
54290,19611,25203,17652
54550,14930,18775,9471
54649,82659,70343,20144
54702,23602,78299,19897
3751,8994,81108,25037
15133,24272,14595,12409
26402,15820,15375,17652
54806,15206,13079,12409
4922,13933,8652,10462
55143,6698,14690,15399
55246,228293,89539,17652
55263,15368,81108,25037
55621,7216,14595,12409
55630,86957,17227,12409
55777,13838,26317,12409
55811,15141,20082,6984
55813,16845,8536,12409
55904,69919,13079,10687
3675,12771,55872,17775
7469,24833,30522,7402
14548,18318,55872,17775
56213,16570,21174,6788
56283,15184,56927,19897
56456,24272,21261,21398
56459,13313,17991,9471
56781,23312,8647,9471
16349,8626,26317,10497
56959,82659,24087,12409
56960,68461,13218,12151
41426,24332,11805,10813
23112,24332,12720,9471
54359,143082,44868,10402
28075,15368,13218,10745
4711,15184,23567,21398
38710,15184,8887,17691
41482,20669,17227,18980
47317,17319,20963,17289
57518,15184,25300,17691
57592,69919,12942,70828
34164,45515,8694,12409
57946,14231,70343,14148
57995,13838,12942,15836
2489,16729,16881,11063
7548,15184,25203,10687
58095,12771,16700,7177
58097,21041,25272,21398
58112,16599,16881,7304
58113,59671,17227,12409
5692,6698,24087,7177
58194,13838,56927,9362
58257,19611,53075,6865
58291,6698,14169,84429
58405,45515,17227,17652
58470,19402,8965,17652
58474,74915,17991,25642
58492,139012,23874,12142
58732,6992,8694,24059
59043,14803,16881,7402
59108,24740,11864,22724
59136,24272,6776,7883
59232,15184,17227,8030
59260,21694,16881,20144
46228,13113,8652,24059
59643,23312,56927,17652
55306,17319,70343,12298
1824,19670,8694,24378
13864,15820,21391,67656
28685,24332,55872,18359
60073,14950,23600,15058
2530,19921,40545,17652
36509,15184,8652,9471
60487,52047,14041,10745
60507,26819,8669,12604
60548,17897,8941,7722
60553,20446,18906,93290
3189,20669,14495,16080
20986,68461,11758,17691
60907,21551,8938,20144
60972,26819,11808,12409
27614,20242,47407,10497
41788,16129,25203,10552
61223,69919,8847,9471
61323,80773,25203,24059
61404,26819,21174,17691
61420,21694,25432,8350
61515,6698,21174,12409
61517,21694,13045,21412
5783,8932,56927,16383
61603,14830,13218,12377
61619,68461,14713,51301
61710,13838,13218,22544
15638,17753,16066,10222
61816,17897,25272,12377
61825,21694,12733,6984
38548,21080,8941,21014
61889,21551,21174,20144
61985,62686,85452,7399
62054,14231,13742,12409
62058,19670,45784,10687
62105,14231,24033,15093
12836,25309,14713,17165
62263,14278,18019,7402
47306,25502,14169,7402
62509,6698,16276,10687
62695,20669,12009,25128
8315,15206,25874,51301
53944,21551,17227,24059
62985,17897,8720,33155
63046,20846,12775,10813
45672,24332,25321,21398
63149,24332,21176,12481
63196,6698,50644,7878
63403,8465,8941,12481
37530,90544,21261,76594
63627,14830,24202,7402
63649,68461,18217,20144
14011,98579,13978,21014
28359,14231,26317,6984
63845,12997,24087,23439
39799,15184,26317,17652
63867,6698,8647,16383
63876,17319,70343,15880
13507,13313,8669,17481
63979,24191,70343,93290
63981,18318,8551,20144
21391,16098,24264,20144
64085,13838,26583,17652
32234,14231,21174,7402
64143,13838,78299,6984
64183,6698,23600,12409
25619,25309,23600,7402
64213,26706,24087,17652
15500,18318,21391,12409
64319,18318,11729,12409
54082,82503,26317,17652
64449,9353,75861,6865
64617,24332,26460,17775
64619,25155,17227,19017
35926,24332,13218,17291
64758,6698,20171,23439
64904,15184,17219,20144
65043,68461,13004,17652
65161,8849,45954,14469
65243,239059,17227,25059
8000,14830,12942,10745
65468,25502,16664,17652
11517,15184,45784,17652
65502,26819,8652,7915
25974,19921,139603,17289
12473,19402,78299,12682
46072,14231,16881,17652
66059,14978,21391,14469
66161,6784,21391,8350
66206,17753,26317,7402
42300,139012,23567,10497
66369,14830,16881,12409
164,9111,13742,7402
66413,74915,26460,75290
66444,14943,25203,9471
66606,13113,34746,12377
66633,25309,26317,93290
66770,9111,13218,7402
66772,14278,17511,9926
66773,15184,16573,8265
66840,69919,8532,9471
66936,19402,26463,17652
4849,12997,16066,9870
67056,21694,8847,25639
67057,17319,9377,14469
63715,26819,223042,9471
67399,13838,20680,6984
67763,15141,8652,7958
67806,19402,16427,12481
67851,19402,70343,17481
67917,15184,70343,8350
67974,16907,8975,7565
16727,68461,55860,12409
67993,24332,56927,7995
68071,17702,12942,17652
47869,14231,56927,17652
68258,8584,24202,14469
68339,12992,17991,17652
68351,17753,8975,20144
16724,69635,16066,9471
68578,139012,14967,93290
6643,24272,45954,7402
68704,14231,72715,9999
68706,15820,25203,20144
68811,16570,26460,10813
68951,20446,16066,10141
68960,9111,8652,11587
15183,12974,56927,24059
69043,25502,24087,12377
34974,14231,46653,6984
43022,69919,25203,9471
69153,14231,70343,10192
69182,16845,89539,7016
40542,19402,21174,17652
47829,15820,25151,9998
69379,20858,13045,17652
69385,13062,13464,10687
69512,14944,16239,24059
69626,15206,21174,17652
69750,25505,16239,22724
16572,8994,8694,21398
42350,72631,89539,6984
68901,6821,203951,24059
69941,17753,16066,8236
70052,139012,8941,17165
70088,13313,16881,22755
70091,9111,25445,17691
70223,20846,16700,17652
70258,14231,78299,19897
9735,16570,8941,6788
70635,15184,24314,10497
70790,17319,11805,8236
37661,26819,16066,20144
71000,26301,19368,7402
54960,14930,78299,10402
71122,20446,70343,10684
68721,24272,83549,17006
35832,14978,16066,41236
71219,17319,6776,18359
71222,23602,8694,21014
71319,14231,15604,10497
18375,25155,25272,41236
71484,80773,26317,7402
71490,16729,16664,7402
71491,14231,20171,10497
71579,33118,56927,12409
71728,56999,8887,9471
71822,20242,23600,12409
71830,17897,21261,25112
72033,15034,17219,10813
72062,14276,51283,24445
72175,8584,89539,7402
72190,19402,23567,9901
72213,139012,70343,21712
72217,25502,25321,21014
15184,17319,23600,7177
29833,8584,85452,10497
72607,6698,14120,24059
72663,24740,14685,8047
72776,8994,11967,12377
72994,19402,19304,12409
73017,26616,26317,25832
73083,19402,12720,8350
73235,21041,8941,10745
73304,68461,25151,88108
73503,14185,56927,16080
73698,25155,8652,16080
73764,8626,71251,127491
13164,16259,17219,25037
9435,26297,16573,10497
74254,12974,26317,7994
74258,26819,56927,7565
74266,18318,9336,25037
20719,24745,25203,12409
12668,8994,70785,7402
9416,14231,17227,8209
74368,15206,23404,7304
23363,9111,25203,6984
34121,24272,14690,9362
74747,14231,23567,94055
74755,26616,16293,8350
39822,8584,14595,14469
74864,14830,86230,9959
74910,24332,16427,8025
5095,82659,8652,21398
74966,52047,8647,14469
5718,16570,16239,21398
48498,19402,11967,17652
75003,9111,54614,10745
75069,14830,17511,51301
75224,69919,25371,19897
75211,6698,56927,9999
75256,6698,21174,6865
75428,15184,21261,9999
75436,24643,11864,6865
42755,9111,16276,8350
16891,12974,14685,93290
75715,24332,12720,76935
75728,52047,91605,12409
75766,8626,12745,75290
75898,21694,12942,7722
23183,15184,26317,8333
54504,13384,23874,10402
75981,14231,59661,10497
75992,6947,8694,6788
76053,8626,30522,19897
4590,24643,56927,10497
7368,139012,25203,7177
8949,98579,70343,24059
15219,20669,56927,18359
76088,8597,11864,12409
76265,16098,8532,10813
76273,25309,56927,11587
76335,18085,8694,8350
76376,13113,12942,7495
76471,68461,14692,10497
12724,21587,70343,7495
76638,16129,13218,12409
4821,15820,25272,10402
76811,81565,44868,24445
76819,19402,70343,51535
76849,48156,26317,12682
76926,9111,20082,14469
8695,16729,16276,8221
76947,14278,80969,7994
76971,20446,14694,7402
76983,16570,9247,12409
77039,13116,13218,7402
77059,14231,52461,20144
77066,8626,17628,6984
77085,8626,11805,6984
77086,161916,46653,21014
36895,21551,26317,9471
77139,15184,8941,22544
77382,21551,8652,23056
77559,21587,89539,14469
77567,17319,70343,21597
74019,21694,14967,17652
77735,71722,8887,8236
77796,13933,26317,12682
77804,14961,55860,9999
77827,13313,26460,19037
77871,14411,16700,24059
77943,17702,8941,10813
46928,25502,8652,10497
77960,24332,8847,17652
45405,13933,18411,15880
78047,12974,23600,20144
78109,21694,16348,11587
64508,16570,25160,10813
78161,8849,89539,17165
27407,13838,25203,10497
78247,69919,26317,6788
4001,22163,16700,19017
27065,16570,19291,7304
48769,14278,8694,10402
78370,14132,89539,9471
44215,24740,45954,8047
78671,20446,22927,17652
78722,69919,8669,9454
78723,26819,8941,7987
78729,24332,25272,6984
79023,90544,49943,84429
78985,19402,70163,24059
79052,13756,17227,24059
65303,24332,8941,7402
79153,24332,11967,7700
26808,19670,20171,7402
79211,15184,68532,9471
66145,19402,16881,15399
79332,6821,14713,17652
79363,139012,56927,17652
27282,17319,20675,10687
79710,20446,78299,12409
79728,24332,8941,25572
79739,89452,8551,10497
29413,19402,44868,21014
79859,23929,12942,7958
79867,14231,9336,7402
79883,12974,26583,14469
32399,8994,26317,9926
80040,68461,78299,8350
26127,24332,8694,19079
80135,19402,11805,11272
80432,52112,70343,9861
80478,19402,24087,23439
24302,6698,20171,20144
46100,6698,25203,6865
80520,18284,8694,67656
11656,20446,8887,15295
80618,20669,14690,7016
27565,14231,44868,7177
80702,13838,16573,76594
80792,14231,8694,8221
80836,9111,8941,10497
80935,14231,86230,21014
80948,8626,9027,17652
16401,40399,17227,15869
21253,21694,21174,10687
61300,52047,20611,24843
81029,6698,13023,17775
81034,47397,14319,24445
81035,8584,26317,127491
81116,14231,78299,10745
37462,8849,26317,9999
81179,24332,8509,10813
81239,14231,14595,20144
62410,14231,26317,7565
81389,15820,25203,22724
81409,19402,8694,76935
71814,59671,17227,9471
81462,20242,20045,20144
81681,143082,70343,17165
61328,17319,26317,17652
38038,24833,14169,19017
81783,14231,16881,10402
81806,20242,19304,21014
18539,24332,45954,10402
82027,9111,26317,8350
82142,26819,24264,7495
82213,8584,46653,15880
76348,21694,12775,14469
82556,139012,78741,6984
82658,14088,13041,12409
8915,139012,223042,7177
82733,85003,13717,21672
82921,14803,81108,10549
36182,6698,70343,7288
48742,21694,30522,6865
83158,16073,26317,9471
83321,16129,24087,21712
30959,21551,19368,17652
83520,26819,11864,14469
83550,9111,56927,17775
83693,14231,15375,22724
83759,8626,14692,10497
83941,15820,21174,23337
83986,143082,70343,9471
83990,19402,78454,17652
84019,14088,89539,9926
84026,8994,16573,9471
84230,72487,90105,17652
84283,6821,16573,7177
84352,59671,70343,93290
84554,143082,35200,9471
84601,8626,11805,22544
84606,68461,8667,17652
84608,6725,114417,6788
84661,20669,12942,25639
84688,16729,86230,24378
38214,8465,78299,20144
3583,89452,25203,21014
85046,13933,16354,10294
85104,14278,16276,14148
43534,14231,11951,20144
4209,13933,14713,9471
35390,19402,8652,9471
85423,98579,24202,17481
85479,14944,12942,9926
85481,8584,19368,7177
85571,14231,12816,17165
85596,23602,35200,10402
85597,20482,13023,93290
85656,15820,14685,17652
3597,14231,8694,10638
85891,58490,23567,9471
85955,12974,25321,10402
86016,20242,16066,6984
86093,20242,16239,20144
86099,9111,14685,25639
86119,13384,13829,24952
86150,6725,16700,12177
86174,19402,78741,9471
86227,15184,15715,15399
86253,14231,56927,8350
86258,17319,16700,10177
86322,19402,16881,15995
86357,12974,12720,25639
86518,12974,26317,24952
7674,68461,14690,12409
86567,19402,16239,11058
86568,17319,21174,15295
86609,143082,78299,8486
86610,26972,80969,17006
86617,15184,12720,93290
86634,13838,8652,10497
23494,68461,56927,9998
86659,20669,8669,27188
86776,21551,26382,9926
60148,8584,6776,11376
86966,19402,18255,10687
86977,14830,22927,14469
86978,24272,6776,17165
86990,18318,8652,50050
87036,14132,91605,17652
87044,6698,45954,24952
87069,59671,51283,25059
87179,14231,17227,12298
87203,25502,26317,25030
87208,12974,26317,19037
10098,6784,17227,21014
87314,14961,26317,8350
13481,15184,9336,17652
87327,14278,26317,12682
16983,14830,16664,8486
76554,139012,89539,22544
87481,21694,12775,21412
87494,25502,60708,17652
87524,139012,13218,10402
65930,25155,11689,20144
16196,18318,25203,10813
64627,70112,55872,10813
24580,14276,14041,15880
13816,62686,26317,12682
87725,25155,11689,12682
87734,139012,52734,9471
87752,21694,13079,22544
87756,74169,8720,75290
10879,24745,16276,21398
26186,21080,8847,21597
58110,21694,25874,7402
87921,13113,26460,17652
87929,17753,8580,12682
88003,8849,8847,10687
88215,24740,32148,15585
71205,14231,46653,14469
88228,15184,46653,10497
88259,21551,68532,6788
88357,12974,22927,17165
88384,33118,11864,7402
88411,9111,12072,15880
88439,8849,24087,17652
68950,25502,70343,67656
88567,52047,18327,24059
45611,24332,17991,10745
47985,143082,68532,14469
88623,143082,68532,17165
88725,16098,16354,16080
88829,21694,8887,16383
88881,13113,16881,10687
88934,14231,70935,9471
15986,15206,8847,14469
22265,23312,46653,24843
89105,19611,223042,15295
89107,84214,8941,15995
89173,14231,26317,10813
89188,24332,21174,21712
89322,18318,8652,7016
89602,143315,25203,17652
20572,9353,21391,7565
89619,69919,50644,67656
89627,143082,35200,10756
11088,139012,17952,9870
41790,21694,8941,17165
89850,14231,151940,10813
67202,20482,14041,21672
31324,8626,89539,12682
89997,14231,14151,10497
90000,68461,23852,20144
90033,71722,46653,93290
90120,6698,20415,17691
90182,13930,6776,9471
90202,8994,8720,17652
90236,40399,16066,12682
17494,69919,16239,67656
44820,20669,16354,12409
90271,14276,9336,18246
90274,59671,25151,21398
37420,17319,89539,16080
57774,14231,8669,12409
90458,12997,13333,8350
90535,24740,12999,35255
90556,143082,15679,10497
52297,82659,6776,9926
68324,143082,25203,10687
90670,16729,56927,7016
90718,24740,8941,22755
75595,168018,45954,67656
90911,143082,8665,7565
45740,16729,16276,14469
90927,24740,176132,17165
91035,68461,44410,6865
13285,13062,136476,9999
91072,23312,23600,8384
71132,68461,17991,10555
91113,15184,25203,76594
63192,24332,26317,17775
11945,6698,142972,17652
91207,6725,16348,51535
91304,127565,46653,9999
91344,14276,81108,10497
68076,17319,23404,17652
79992,98579,24264,17652
91396,19670,86230,17652
91406,26819,24087,21014
38075,16098,8551,10813
91522,13941,11864,20144
91689,45515,35200,20144
91765,21694,12837,9999
91783,16098,8640,20144
91821,17753,223042,10776
91825,72631,13023,12682
46722,6698,83844,24059
91852,13838,16276,17165
91856,16729,8805,19897
24472,12974,8551,20144
6443,19402,25203,12142
37297,15184,16239,12409
92021,26301,8652,10402
92135,19402,8694,11352
92137,143082,8665,25037
17620,24332,16276,10402
92200,83500,8941,21398
92257,15184,8669,8350
2358,16217,6776,10687
92303,72487,55872,17652
92420,139012,11786,20144
92500,93666,13045,20144
73004,17319,26317,12682
92512,16800,8694,7177
92556,8849,26257,9471
92622,15184,89539,12409
92643,21171,6776,17481
92732,14231,24087,17652
57079,82659,114417,6788
92795,9111,17991,46395
92851,71722,17515,19017
92880,15206,141678,9471
72026,15206,16573,16383
67731,12974,13023,12409
92946,16129,13218,7915
92963,8584,26317,9998
92976,15206,11758,12142
92995,139012,24087,9998
93066,6725,55860,9471
93071,14231,16354,8350
93177,139012,23852,21398
93220,19402,17227,17652
33770,26819,56927,13566
93334,26819,21261,24952
93451,19402,24202,19017
93543,14830,89539,9454
74781,21694,6776,17652
93599,143082,176132,127491
52403,26616,17227,24952
93693,19611,26317,9926
93784,13062,18327,10687
93868,139012,45954,67656
93872,19496,13218,17691
93879,21694,14140,19897
93993,14278,46653,7399
94049,16570,16066,9999
60428,83500,16066,17652
94243,13933,56927,17165
45551,68461,8652,10776
94484,18085,44868,20144
61933,139012,16066,9471
94608,82659,8941,9998
94695,19402,25203,12481
94696,17753,12999,17652
73525,15206,26317,214651
94728,14231,78299,21712
94806,16129,46653,10670
4169,19402,17227,15756
94823,68461,17227,21672
94890,80773,17227,22544
94905,15820,6776,67656
95018,24332,31064,45397
95025,147395,16066,6865
54992,68461,14169,17652
95104,13313,25321,22755
95109,98579,26460,10776
95182,68461,21174,51301
95216,139012,8847,24059
43826,19402,11973,10402
95249,26297,8941,12682
54459,14231,25203,11587
42804,70112,6776,8350
95278,16570,8652,9454
95331,6821,14967,20144
73245,18085,26317,21014
95565,17319,6776,14469
95569,14231,8887,7350
62760,21551,159939,9454
78697,8849,12999,14469
95662,6784,14595,6865
21799,16729,16276,49383
31161,13062,73634,15399
95805,19402,24685,9870
94517,9353,8551,6984
95842,82503,16700,24445
14595,14231,84270,22755
95978,21780,89539,12409
56379,14927,24264,10402
96048,9111,141678,12682
20922,6784,15559,17481
96205,16729,8941,12409
96339,13384,13978,12377
96422,24332,26460,21014
96466,165964,17227,10402
96590,68461,8694,11063
41351,143082,8847,21712
96724,17753,8887,6984
96786,13838,13717,17652
96791,14088,26317,15995
92531,143082,89539,9471
9543,20669,73634,10497
70772,26819,17511,14469
97119,15206,17227,9454
97146,14321,17991,7402
97195,20977,56927,15880
96550,19402,8694,20144
97217,14341,16066,10687
97378,80773,17227,7402
72433,14231,56927,17165
97417,19402,14685,15295
97434,19402,26460,9870
88963,14231,24264,24494
97523,8994,14685,25080
97642,25155,25203,8236
97648,13087,16066,21014
97658,6698,16276,10813
97724,19402,21391,17165
37015,8584,17227,21672
97824,23602,16066,11587
97842,16570,14967,16080
30758,13113,26317,12682
97852,17319,6776,69960
97914,23596,26317,12682
97931,13838,16700,127491
97944,69919,8694,9926
97971,15368,8647,7016
91870,70112,17511,21014
97989,143082,8853,24059
98076,14231,21391,9471
98121,17319,44868,22724
87727,13062,24264,11587
67497,12992,21174,6865
98363,143082,16066,17481
98420,6725,6776,6788
15375,13838,13045,15995
54250,74915,70343,17652
58332,80773,70343,8221
64976,44491,56927,11504
98432,21694,20045,24059
98565,26972,6776,12142
98615,40399,8941,12298
98746,8584,56927,24145
98832,19402,8509,21398
98961,14231,12720,67656
99019,19402,6776,9471
99035,24332,85798,24445
6572,24272,8941,12682
99160,16570,25203,10177
49195,21694,45954,8350
48577,15184,14685,17652
99331,143082,23874,20144
12364,8626,47717,7016
36442,24332,8694,6865
99375,6698,26317,9999
99445,13313,12009,51535
99450,21551,8941,7402
99235,6698,6776,20995
99478,19402,31064,21014
99582,26297,21391,21398
63156,150835,139603,10687
99719,98579,32124,10687
99756,14276,8853,21712
99800,8947,14746,9926
99863,19402,26460,19037
99880,100182,8652,7565
99881,26819,16348,8236
30609,82659,45954,10402
99983,143082,68532,15995
100138,17753,17991,14469
29174,13087,17227,12682
15824,15184,213636,10813
71439,15820,6776,10497
100405,8626,44989,25059
32372,68461,56927,10684
21765,12997,26317,7402
100693,23602,14169,7402
100710,20669,8847,20144
100725,19402,55860,8350
100761,24332,18835,12409
100826,19402,8652,11382
100947,15820,16276,51301
14203,25309,25321,9926
101141,143082,53733,24059
101148,6725,17227,12409
101177,93666,78299,12409
83614,143082,26317,17652
56415,73223,16066,17652
88381,14231,202463,17652
3047,82923,24264,9999
101326,20242,55872,9471
101385,12974,8941,88108
101433,26972,25321,9926
25273,26738,78741,17691
101594,52047,14146,93290
101667,14231,72114,51301
101676,55091,26317,12409
101723,143082,89539,6984
101735,21080,19368,9471
101865,12997,21261,231532
47590,16129,16066,21014
102100,62686,89539,16080
65796,26297,75861,17652
102130,20669,46653,8236
102182,52047,14041,17652
102277,6725,26317,15295
15903,6698,50644,22724
82792,16729,24033,10402
102391,14231,70343,8025
102455,14830,8941,93290
16954,21551,25203,6984
102548,19402,40450,24059
35306,25502,78299,17652
102664,20669,11805,10745
102666,16570,21174,25059
9987,25502,16066,7479
102765,52047,21391,19897
102767,9111,21391,14469
21845,81038,24264,17691
102933,6947,13218,17652
77424,166638,13023,12409
103091,8626,56927,17775
103123,14132,13023,12377
11270,8849,16066,21398
103201,13941,8694,15836
103243,24738,8941,10745
103274,21694,11805,22544
103288,40399,26317,10177
103390,69919,223042,11058
8206,16129,23404,10402
103562,71722,25203,12196
103594,26972,20082,9861
103635,14231,12720,41236
103643,139012,85452,7402
103644,20669,25272,8350
103693,68461,176132,9998
103735,17319,6776,51535
103889,6698,16142,10813
103917,14830,20675,6984
103929,40399,73634,9471
103955,6698,21174,93290
104113,139012,132127,17652
104178,25155,56927,6788
104212,98579,78299,22544
18693,16098,24087,20144
104300,14231,73090,10813
104385,9111,22970,25037
104401,14231,88817,12409
104472,6725,6776,9998
104516,19402,176132,24059
104526,24191,6776,6865
15716,14278,24037,12682
104626,16729,68868,10402
104702,6698,8694,6900
86952,6698,16348,12409
104747,6698,16354,23337
39107,143082,23567,6865
104820,19402,6776,12377
100560,17319,6776,10402
104863,17319,6776,10497
104874,14285,16066,7495
104880,139012,8565,127491
104927,20446,19368,19108
427,62686,141678,10813
105148,9353,21174,17652
77975,8626,20611,17652
95350,14859,13948,17652
48058,21551,26460,21398
105196,21551,17227,10294
534,14231,8941,14187
105367,14231,73634,20144
105379,6725,14685,9471
105398,52047,13019,20144
105410,166638,24202,20144
105417,15206,17991,19017
7428,6725,8847,20144
105556,189936,26317,7402
48678,14231,13079,51301
97570,19402,13079,21014
51478,8626,8761,12409
105684,14231,11808,23439
46062,68461,20675,19017
105761,8584,136476,10687
17798,15141,8694,20144
105785,12997,8669,9471
36651,6698,32148,6865
105819,6698,141678,6865
105821,14231,25371,8236
105863,21649,14595,19009
14115,9111,20680,21398
106149,23312,21391,6984
106229,18318,16348,14469
104514,14231,24264,127491
106242,17319,13218,21014
99376,8584,46653,10687
78889,8626,46653,9861
106400,19402,89539,9998
57233,13313,26317,17652
106691,9111,39748,10025
106812,14132,26382,17652
106859,21694,18217,19079
106886,12974,12942,12682
106948,26819,14685,12377
47406,139012,56927,9999
107054,16570,46653,185194
107200,9111,69471,21672
107214,143082,176132,9998
107264,82659,11805,24445
107316,93666,24202,10402
39469,20242,17227,17652
107415,22163,18327,16080
18629,17319,6776,11386
107466,24332,178993,9926
107481,24332,8619,19108
107492,9111,24037,15995
107512,13113,14041,17165
102756,9111,9247,17165
107543,9111,9247,51869
96258,6698,75861,20144
107633,139012,14253,9998
107655,15206,56927,10684
107684,14276,9377,7402
16548,23312,202463,9471
107792,17319,12072,6984
107827,23702,11805,7915
107915,8584,16700,220943
107930,143082,86230,24843
44004,19402,24264,9926
108025,12974,176132,40180
72985,19402,89539,17652
108111,16098,55872,9838
108158,12974,26317,10402
49863,74915,17219,76594
108173,33118,8694,25787
108197,8584,14692,25037
83517,14231,21391,12377
108285,24332,44410,17652
108294,14231,13096,15880
108321,59671,16700,10813
108337,14944,16066,10776
108342,20669,11689,15880
108357,25155,56927,20144
104381,14231,176132,127491
108438,21587,16239,10497
33036,21694,24033,17652
108534,8584,8963,17691
108581,9111,25203,23439
62973,24332,16066,20995
15334,12974,13045,7177
94536,74915,22298,9471
108702,17137,23404,17481
108740,13087,16066,6984
108779,20446,46653,7985
108781,143082,6776,9959
108795,24332,203951,24059
22308,8626,23567,10497
22879,68461,56927,17165
8173,20242,46653,21014
108987,15184,73634,127491
109041,14231,39748,93290
109055,24272,24087,26019
66658,14231,14685,17652
109081,14231,68532,10497
33562,139012,16239,9471
109113,68461,8941,20144
109305,139012,12720,17481
109355,15368,17991,6865
109641,21694,26460,13564
109656,8597,26460,22544
109666,26819,70343,10638
109778,26301,44868,14469
109808,14132,84270,20144
46749,26819,21261,169305
109889,15206,68868,10497
97760,84214,16700,10813
110076,8597,11864,9999
110116,15184,23404,10402
110153,13313,89539,22755
81108,19402,26317,24059
110196,16570,14967,10402
110287,14278,14685,12682
50451,13062,22970,6865
110342,16797,70343,10402
110373,14231,8669,40180
110398,21551,56352,7402
110542,20242,15650,9471
110543,14231,70343,9471
110550,22653,56927,51301
110561,8584,20045,17165
110647,6698,53729,20144
110689,6784,23404,17165
103364,24740,25203,127491
110763,59671,83549,20144
96584,15206,24087,11587
110836,17897,16239,16080
110843,19402,25321,9999
110934,15184,14746,20144
110944,24272,78299,9471
15735,13941,14690,20144
110971,21694,26317,8358
48514,21694,68532,14469
16774,13941,202463,12682
25234,16729,25203,22724
111251,6725,16573,9471
86417,19402,17227,15067
111290,8994,139603,7016
111365,45515,21391,17652
111371,8626,56927,25808
60172,8626,25321,12682
111390,14231,26317,14469
111430,14350,11864,20144
111431,15368,21261,22755
7349,9111,75861,10813
111534,8597,20680,9471
6728,98579,11967,10497
38819,15184,19368,7402
79204,23596,61024,7402
111571,82659,14595,15093
111630,12974,19368,13477
15320,14231,55860,10497
111635,6821,89539,10497
111690,24332,17227,14469
111737,90544,24264,12298
111877,48156,8847,17652
112028,6725,12999,20144
112033,98579,11758,17691
112054,24332,85256,12682
112056,9353,56927,9471
43961,14231,25272,17652
80785,20446,73634,17652
112238,20669,17511,12409
112279,6725,11864,17652
93616,9111,21261,6788
112428,26819,8941,12284
112452,15184,55872,17006
112601,17753,24033,9471
112607,20446,56927,17652
112657,24332,14146,7565
112674,15820,21391,12409
112806,14231,25203,10776
112837,14231,24202,7402
69179,6698,21261,13477
112942,8947,16416,10687
37772,25333,8694,10497
113095,15184,25690,10497
113137,16129,20045,24059
113465,21551,20680,17691
113524,12992,19368,15093
113531,69919,70343,10813
113534,20446,17227,20144
113643,13933,16066,16080
113718,83307,24264,17652
59941,26616,8817,12151
79558,19402,55860,27188
18465,82503,24087,17652
113904,82659,56927,21014
113911,40399,16066,6984
113990,12965,26317,17652
4999,6821,16881,10402
72056,14132,8941,10402
114066,206441,45954,17652
52290,13838,8847,10813
114179,14373,21261,17013
114292,14276,18234,6865
114307,143082,56927,17652
114467,6821,89539,6788
114588,24272,56927,6788
114660,8849,51283,21672
114683,68461,13218,8458
114698,24332,34746,127491
32330,62686,16066,9471
114829,14231,78299,9471
62473,13087,56927,12409
114953,14231,11991,6984
69919,17897,11864,16080
115021,82659,72068,12409
115029,13933,11802,7915
14237,9111,14595,7402
115051,98579,26317,12377
66050,68461,13045,127491
115147,17319,20675,10177
115205,19670,70343,93290
115209,15184,13884,20144
10279,6698,11914,12409
115284,21694,14562,17652
50628,14231,12942,12409
115388,9111,13717,22755
24575,24332,16348,12409
115470,26972,8652,10776
115493,13768,13717,76594
115625,14830,13978,10402
115722,12974,139603,10402
115787,26738,16066,20144
115839,17319,85452,15995
115869,14231,13079,20144
115900,8994,26317,220943
115920,98579,15085,9471
116124,69919,11864,10776
116129,98579,59111,10813
116138,16665,8941,20144
116172,16570,31064,12377
116173,12974,89261,22724
116221,12974,26317,25808
116354,13933,100606,24378
116427,20669,13218,14469
69870,143082,13978,21014
97198,13913,23874,17652
116586,70112,89539,7915
116605,89707,8941,21398
99599,16570,178993,22724
116776,25502,56927,67656
116793,15184,89261,21672
116951,15184,78299,9926
117053,15206,11805,17165
117085,16027,56927,17652
117092,98579,6776,6788
117121,16729,23431,9870
117207,15206,16881,9926
78240,13309,45954,17652
117239,13933,56927,79313
117258,26819,13742,10402
117269,14231,26317,72567
117414,15184,54702,12377
117421,68461,176132,17652
94924,68461,141678,7399
19819,19611,21261,15756
117559,68461,25445,75290
117567,19402,61727,22755
117573,82954,11758,7565
117576,15184,25874,22724
117638,9111,16348,7016
53769,25309,26317,24445
117714,14231,12942,9998
117729,19402,73634,19108
36913,9353,16573,20144
117792,6821,56927,16080
117795,25732,31064,9870
117807,143082,17227,7958
117812,8849,13333,51301
117876,21551,18327,24445
50447,14132,16700,7565
118036,6698,8647,20144
118046,17753,26317,13477
118071,40399,11802,9471
118232,82659,26257,15093
118331,15368,19291,16080
118403,20446,8941,9362
118417,24272,26317,7722
118418,24272,26317,17165
118495,68461,17227,10745
118553,19402,176770,22724
118581,26924,24264,19897
118617,19402,18874,6984
118646,6784,8652,7402
36427,74915,56927,21672
99934,24332,17227,7402
118703,13838,26460,21014
118742,26349,16066,6984
78782,17702,23600,20144
118863,16110,46653,20144
118938,17319,142972,9471
119020,17897,12942,70828
119084,93666,17926,9471
119127,19921,8941,6984
119196,15184,126942,7565
119216,14231,8887,22810
119274,44491,26317,10813
81911,26819,16354,21014
70062,52047,56927,7402
119447,14830,20096,12682
119520,14231,45784,7177
119543,14278,56927,8236
119587,14830,26317,12177
119650,12974,78299,152120
119678,19402,18327,9959
119759,19402,46653,24494
119801,12974,6776,220943
119809,26819,44742,8350
20855,68461,8652,19009
119902,17319,20171,21014
119922,14231,6776,19108
119990,19402,20171,16383
100601,52047,8941,127491
120031,19402,8652,7402
120035,74694,56927,127491
120069,16800,8533,24445
120101,12974,26317,12682
14517,16570,17991,7288
120125,68461,26609,9999
120138,98579,45954,11587
120263,26616,18874,10813
120264,14231,18327,6865
120334,14927,70343,8236
37290,19402,44989,7016
120359,14927,22230,20144
120443,143082,17227,21014
120449,17319,6776,51301
120473,19611,15715,10497
53147,21551,21391,20144
120494,21551,21391,15836
82724,14231,11689,10402
76293,21551,8694,10745
120700,20669,21391,51301
114073,14830,56927,17652
120797,21694,23600,20144
41722,19402,8652,20144
50537,17319,16066,127491
120821,20669,12720,17652
120852,8849,6776,9471
120860,14231,75861,9870
120879,15184,14595,20144
120902,24720,6776,10813
120929,139012,24087,51535
120958,15206,16066,12409
120973,16098,46653,24952
120974,25155,17991,9471
121033,58868,78299,17652
121163,9111,21391,15295
121185,218794,141678,17691
108844,8626,78299,9471
121328,139012,78299,12682
121357,71722,21174,20144
121424,14961,21391,9454
121425,12974,14041,14469
121430,8994,25203,8350
121443,71722,46653,7722
121611,69919,16239,10687
121712,19125,11758,21398
69784,6698,14562,25112
121772,24392,25203,14469
121859,26349,56927,17652
110327,17897,13717,15093
121874,19402,8652,15995
121953,14830,16700,12151
121987,8849,24035,15295
122051,7216,8758,6865
122166,13768,26317,24445
122187,9111,12942,21014
69326,6698,14169,76594
29194,14276,25203,20144
122279,8597,26317,12142
122298,6698,18255,6865
122305,25309,8652,7177
120845,9111,8853,17165
122314,16129,78299,127491
122455,15184,8847,9998
41683,8626,141678,24059
122597,9111,8565,23439
51428,15184,26317,14469
122616,18318,18544,9471
122635,68461,17227,10684
52753,15184,8887,17006
122646,143082,13045,7402
6415,13121,26317,24059
122688,24332,8734,9926
122716,14231,90044,24059
122746,14281,18327,14469
122763,12997,89261,9471
122815,21694,14580,14469
122816,12974,23600,25642
10059,18412,13023,17652
123009,166638,75861,12196
123017,70112,220125,51301
35047,24272,8536,17652
53899,8994,178993,21398
104656,16729,12816,17652
112368,24833,25874,25639
123093,12974,11689,9999
15321,13838,14140,9870
123133,12974,6776,12377
123173,16729,24087,21014
123185,17729,8941,21672
123194,24332,56927,7620
123207,130358,25203,12481
123233,12974,13218,6788
26389,13714,11805,9471
123295,157940,23567,10813
123338,24833,21174,12409
123448,18318,22538,25037
123449,45515,11864,17652
123514,19402,31144,12409
123538,19402,16881,12409
123572,17753,17991,21712
76688,6698,14041,21014
123657,87678,70343,17652
123678,20669,24087,13477
123755,68461,26257,25787
123849,8597,14679,10687
123916,24332,26317,15399
123956,21587,26317,15995
124011,13838,8694,10402
120058,9111,13717,8350
124074,19402,17991,12481
124099,21587,11805,9999
124159,19402,223042,25091
124195,83500,56927,7565
108369,19402,55872,10813
124384,15184,18019,21014
124395,6698,21261,6865
124406,33118,39748,21014
124512,24332,69792,21398
56348,40399,75861,12409
124600,14276,17991,12377
124612,139262,46653,12409
124765,40399,21004,7958
16898,9111,13742,19897
124944,19402,16348,24059
124947,17319,78299,12151
124948,52047,6776,6984
124963,59671,13019,10549
125065,9111,13045,93290
125146,15184,24202,15880
69384,6725,16276,20144
125150,6725,26460,22544
125171,14231,21391,6984
11285,14830,23420,24445
125267,25502,14595,12409
125364,8584,6776,24059
59665,8584,8853,10687
125444,16729,68868,17691
125499,19402,17991,12409
125517,229992,8941,6865
125533,25536,65924,8350
125535,13313,21391,12409
125559,6698,26317,65155
125615,12974,8887,20144
125687,12974,16700,24059
125726,14231,34746,21398
17849,15184,21261,13477
125795,9111,13717,12377
125900,87848,8941,24059
125941,13933,14041,6865
125953,25502,24087,7177
110150,19402,26317,6788
68257,14231,25075,17652
126160,52047,56927,45397
126193,85881,9377,17652
126201,12997,26460,23056
126226,15077,20680,7016
126372,21551,44868,88108
63227,15184,14169,14469
126424,17319,23852,17652
126499,6725,16348,21672
126587,25505,17227,20144
126657,25155,75861,12682
126666,15184,13023,12682
126767,21694,76129,12151
126900,8597,8720,10813
126950,6698,139603,7016
126971,17319,8536,10402
126989,69919,14146,10813
127005,9111,8853,17289
127196,6784,23600,6788
127212,17319,46653,9926
127225,8932,12775,17289
127288,6821,26317,17006
127304,24332,19368,21398
127331,21694,56927,21014
61843,6725,14595,8350
127339,14704,26317,15171
123990,26972,8941,12409
127431,143082,31064,10497
127432,24332,8652,24059
71073,9111,51283,15880
127464,6725,6776,10141
127497,70112,15715,20144
127552,24332,14690,10813
24876,19402,16354,12481
31536,6725,23600,12409
127636,15184,12942,6865
127714,19611,16354,20144
127144,16115,22230,12409
127770,9111,8941,27188
127788,12974,20045,22755
127813,143082,21659,24378
116554,19402,26317,10745
127962,15184,52734,19017
127968,19402,16348,8350
127969,14231,13829,14469
128001,24332,9247,17652
128021,98579,26317,7565
128048,9111,14595,10687
38907,16098,16354,9870
128228,21551,16664,12377
128261,6698,80525,20144
128388,6725,16066,24059
128547,24738,12720,14469
128555,8849,24264,9861
128580,19402,16881,19108
128641,18318,17991,17652
126626,12974,14595,15399
128806,21694,23431,8350
40462,9111,16066,23439
128848,14231,8669,10776
128918,20858,13041,51301
128930,6698,16354,12682
128934,68461,26257,22544
128959,19402,17227,69960
128983,33118,8536,24059
129162,23596,223042,7495
129163,19402,11991,21398
129172,15184,50644,10813
129221,40399,39748,10813
129242,166638,8652,20144
129265,8849,11758,169305
129292,13313,17227,15399
129308,25309,46653,22724
129331,15368,13717,22755
129409,12997,70343,127491
129410,21587,12942,15995
129488,143082,46653,7515
129582,25502,21126,7016
129769,52047,14685,15836
129771,24272,24202,6788
129954,9111,178993,15995
130052,13941,13045,22544
130100,13309,20593,17165
130116,13187,23600,12409
118689,19402,23567,22544
130141,59671,50644,21712
130174,13313,13096,22755
130197,15184,26609,7958
130203,45515,17219,9471
93338,14231,18327,14469
119210,14321,68532,14469
3379,16907,12009,21014
130384,13941,16354,15880
130448,14411,16354,20144
130489,83097,26460,9471
130495,19402,26463,93290
130566,14231,89539,24843
130603,24332,52501,10745
130731,98579,44868,12409
130732,14231,8847,23439
130739,76984,8652,7565
130742,16073,46653,9999
26237,6698,16881,10813
130942,8849,14169,10813
131041,19402,55860,10497
131061,98579,20171,19897
105018,14231,13218,20995
124347,8597,85256,20144
131124,14830,16664,15995
116006,6698,13023,10638
131158,166638,26317,14469
131178,16729,18101,10813
131191,21551,21391,15093
131203,14231,14692,10402
131280,80773,14041,20144
131302,14231,8627,24378
131357,9111,14685,20144
131360,21551,26317,12409
49913,12974,12942,10497
131397,20669,20963,20144
131476,16729,14151,17652
131484,15141,26317,10745
65860,25536,8694,12682
131527,6698,19368,7177
131624,69919,8887,21014
131644,25155,14169,12409
123213,14231,23783,16080
131711,24332,15715,21014
131723,14830,14169,8221
131750,6698,18255,10813
131754,21694,9027,51535
131788,14830,17991,21014
131796,9111,12942,10638
131816,13838,56927,51535
131874,12974,11805,20144
131928,19402,14169,17652
131935,8626,20593,51301
131940,143082,11805,19009
131952,15184,21391,17652
131953,9111,16066,21398
75832,25732,8565,21014
131989,24272,21261,6865
132037,9353,8887,21014
132052,82659,8694,76594
132112,143082,70343,21014
112913,19402,16354,20144
27058,8932,21391,20144
132194,71722,21176,33647
132216,229156,51283,14469
89653,12974,13041,20144
132223,13116,8847,76594
48880,9111,70343,20144
132237,82659,16348,12682
132250,19402,14595,7016
132254,13838,8652,7016
132265,9111,16066,20995
53247,17753,13045,6984
70843,14803,25874,6984
107972,15368,25272,7866
43986,8849,16881,10813
73292,8849,21174,21014
75039,8849,24002,20144
33040,24191,18775,17652
25780,9353,16066,10813
106117,6698,13218,10687
62772,19496,89539,12409
42211,15206,8965,9471
49270,21551,13218,12409
7724,21061,8669,6865
30723,8639,8847,17652
124777,24332,26317,17165
36019,23312,26317,6984
108412,14944,16066,7515
77386,14231,16276,12409
84619,19402,31064,7915
59877,9111,16066,14469
19445,23929,8652,15880
43389,16073,8652,15880
55352,14276,70343,24378
84555,13933,8941,40856
70350,26819,16348,9362
71100,9111,21391,22544
11489,19402,8652,8350
23950,21694,18906,7700
54084,19402,18789,21014
62132,21694,13218,12481
79937,21694,26460,20144
87023,21694,8493,21014
55745,13941,26460,10813
27488,15820,26317,9999
115033,45515,14685,10776
21997,21694,53729,7402
117918,59671,19304,24445
96929,26616,25321,12682
85018,14231,8694,6865
70784,26297,8652,20144
71216,12974,8694,9471
98906,12974,14685,9471
2592,16570,14967,22755
7629,21694,16066,14469
8543,19402,55872,12481
8622,19402,17855,6865
8964,19402,13045,19897
10631,19402,14562,6865
11864,21694,13045,18980
12138,18318,16881,8350
18725,18318,16881,19897
21954,19402,22927,14469
30133,12992,55872,10687
34361,9111,16066,10497
41885,19402,8847,12481
42505,13838,89539,16080
45938,9111,16066,22728
50435,12992,18217,10497
50927,9111,18217,15880
57429,9111,89539,10402
58945,9111,16881,6865
60927,13838,8694,22728
61886,9111,13717,7985
65760,9111,13045,10497
68372,19402,11967,19897
80928,19402,13045,18980
82000,9111,13023,10402
94278,18085,89539,8350
102688,12997,11758,6865
116684,19402,13045,8350
131390,12997,13045,6865
53965,24272,16066,22724
72367,14231,24202,12409
124105,14231,16066,12409
45094,8849,220854,20144
103324,17319,24002,20144
40445,26819,8694,7612
18724,84214,16348,9471
108836,14803,68868,12682
54057,17319,16066,93290
32004,16129,8853,21014
2859,6725,85452,9926
6427,13384,13333,20144
15214,25505,8817,20144
16421,8994,25321,20144
22043,12992,75861,12409
43806,13384,16066,9471
45568,13933,16066,20144
52067,24332,6776,21672
70309,19402,13096,17165
70372,13933,24685,20144
93365,15141,16066,20144
102035,23312,8647,8350
107307,17351,8941,9471
102572,9111,6776,10687
120089,8626,23567,17652
8068,68461,21391,24145
17278,17848,16409,10813
64995,9111,16239,9870
104375,6698,26460,10813
116485,13313,24264,51301
124426,9353,26460,10813
101275,143082,11835,9999
79753,26616,9247,9471
75732,16729,8965,14469
87746,17729,24264,20144
106739,14830,24087,17652
30990,16129,8941,17691
3080,16570,16066,10813
26955,8626,8694,6984
91926,20669,26317,9471
788,13187,8941,15880
75482,14132,16881,15836
25692,16570,8847,19009
116375,23702,8941,93290
5339,6698,15559,20144
13420,24332,12720,12298
18318,24332,56927,6865
23952,24332,50644,20144
40975,15206,14153,12682
42664,17319,14595,9471
59416,52047,21174,6788
85351,17319,89539,9471
105330,24332,56927,21205
116976,24332,22230,25059
89373,12974,25371,17652
112730,20858,8847,7304
1329,6698,8734,12682
3032,24332,14685,21014
4191,8994,16066,7547
5158,15077,8847,10402
10491,14978,14690,24445
11218,24332,13218,10687
14550,8994,8847,10684
16082,25502,70343,22810
16684,16570,8847,10687
18491,14978,8853,21014
19613,8947,16276,6984
27281,26740,8847,10402
29715,17897,24264,8333
30300,24332,17511,7284
37503,6821,70343,21014
37928,24332,55860,8379
39322,6698,22298,20144
42219,19402,16276,21014
44257,19402,13218,6984
59063,14321,24002,10402
59892,14803,52734,16080
63233,24598,176770,21014
65317,16129,18835,6984
77511,24332,8847,17422
78317,82659,13218,10402
80359,19402,12988,21014
80687,6698,8805,20144
82080,6784,13218,21014
83889,15368,8847,6984
87223,15077,13023,10497
90547,6698,8734,12409
92075,24332,13218,21014
92667,24272,16276,10402
110996,24272,13218,10402
119627,6992,16066,16080
121467,16098,24264,10402
122329,17550,16348,6984
125259,6698,25939,20144
75342,15077,24087,8350
67478,21694,8652,10497
3624,8584,21391,24059
4322,21587,13218,12409
5013,24332,21391,6984
5073,6784,16276,24952
9339,14922,16066,19017
10133,25502,21391,21398
11142,98579,16066,8350
14241,16570,24532,21398
15085,14944,13218,11376
15794,24332,14180,16080
19499,19496,20675,10497
19753,22163,16276,24059
20461,19402,17227,10745
21393,12799,70343,21398
26961,19402,14253,19009
27088,19402,46653,10555
29209,31845,8652,24059
29490,20242,24380,7402
32671,13307,55872,11376
37457,16570,16276,24059
44585,6725,55872,6984
44941,24332,55872,51535
47669,14803,8887,8236
51006,14231,24002,11376
55239,24332,13218,8350
55809,14231,14967,24952
57416,25502,89539,16080
63782,6725,8694,7402
68352,15361,21391,7402
68899,20242,21391,16383
69092,98579,55860,8350
73969,16570,17227,21398
74783,19402,8652,7380
75902,15206,70785,10497
80091,14231,46653,10757
81644,15034,9247,6984
84510,16570,70343,24059
85130,6784,89539,7402
85178,20242,17227,9998
85731,18238,26460,10497
86844,16129,223042,13754
88868,6725,21391,7402
94787,14231,16142,51535
95309,14231,55872,24052
95924,20242,16066,12409
97264,8584,17227,21398
101368,24332,24380,7402
111492,14231,13218,7402
111664,12799,16066,16080
112228,8584,84137,6984
114915,14231,8652,7402
115664,14803,70343,21398
116497,14231,8652,6984
117846,19402,46653,10745
118569,15206,26460,17652
122385,20242,55860,12409
122758,14231,21126,16383
122896,19402,8652,24059
126769,6725,46653,25563
127643,24332,17303,21398
102819,19402,19368,18352
80120,13838,8941,15880
28443,21694,24559,20144
95420,25155,13218,20144
16014,21694,26460,12409
71493,19402,24264,23439
102703,18249,8652,20144
45421,14961,16066,7177
94452,6698,13896,12409
61543,19402,6776,6788
65269,19402,6776,10745
10885,14276,16409,14469
111493,16098,46653,6865
72958,15184,8941,17652
108985,139012,14169,15880
5935,9111,24002,15880
15110,15184,8694,8265
21889,13313,26317,7322
28099,6698,13023,21014
65001,14830,30693,25037
6293,14231,89539,9471
44771,13087,56927,17652
71145,19402,20680,12409
43033,19670,14685,20144
85330,8932,8551,12409
95560,14231,8887,6865
61074,24332,16700,6865
129459,15184,24264,6865
124980,26616,25203,10813
22744,19687,25203,12409
33298,13941,70343,10813
88679,13941,25203,10813
22648,13838,8694,15295
80109,6698,8941,93290
12023,24332,13717,16080
85951,25249,26317,7288
78743,8584,16066,65155
19856,6698,50644,25112
55794,17319,17227,6984
95334,9111,16700,24445
11329,15141,14562,20144
34336,15184,11758,12298
15971,14961,25203,17652
16813,15034,11802,17652
71309,14276,16700,20144
110303,9111,25272,9471
19617,16570,16066,20144
15962,12974,26317,8047
20912,19402,8941,15869
46496,12974,9377,8047
52365,15184,68868,15869
97555,14830,26460,14469
105500,16665,24314,14148
123381,12974,26317,12377
118547,18085,25203,17652
95279,19402,17227,20144
131254,21694,17991,6984
6876,14944,11692,20144
16424,20846,12942,20144
46592,19402,12942,19897
86509,24833,25321,20144
99083,6698,45954,6865
123620,15184,16700,9471
23627,16729,8847,20144
1157,15184,11758,9471
1899,14944,14595,24059
4641,40399,17991,10813
6698,21061,25272,20144
7104,98579,70343,17652
7618,15184,16276,21398
9823,9111,16066,17652
15676,19611,17991,7402
15742,15184,14595,17652
17418,15184,8652,15295
29774,15184,47717,21398
31102,25155,25203,9926
35015,25505,13023,19897
35319,15184,70343,19037
37416,17848,26317,21398
38642,16729,8652,24952
38884,20446,18327,25112
39442,40399,16348,8350
39648,16129,11729,17652
43520,55091,24264,20144
45306,16907,13023,7402
46585,14231,13464,19037
46836,9111,12942,21398
50324,16907,70343,20144
50691,21061,25203,10813
51094,15368,25203,9926
55878,15184,13023,20144
57621,15184,13023,19897
58391,14944,8652,21398
60101,15184,23915,7402
63967,25155,13023,24059
68834,20446,17991,7402
72017,16907,13829,20144
72629,14231,84270,24378
72674,14231,16066,21398
73227,98579,16276,21398
81563,9111,16881,10813
81819,9111,17991,7402
82901,9111,13023,17652
83264,16729,16066,17652
85184,14231,12720,17652
85866,15368,25203,10813
87312,12974,6776,9926
90050,14978,16066,17652
90785,12974,14714,7402
91699,24738,20171,11504
92153,55091,16276,17652
93357,13384,26317,19897
94500,13384,16066,17652
94618,6784,70343,51301
95218,24332,46653,9926
100151,14231,14595,7402
100341,16729,21391,17652
101059,15184,14595,51301
102369,16129,26317,20144
103130,16729,14595,10687
103501,25155,70343,24378
103690,9111,17991,24059
104022,21080,39748,10549
105529,14231,16066,20144
108526,12974,17991,6984
111621,15184,26460,9926
111827,25155,25272,20144
113786,15184,70343,17652
115423,98579,39748,24445
115604,15184,8669,19897
115965,6698,15375,10813
116340,9111,13023,7402
116610,9111,39748,20144
118827,25505,12720,17652
121344,14231,16066,10687
121485,9111,23567,19897
122093,14231,8669,10813
124503,9111,20171,10813
124914,12974,26460,9926
125201,15184,47717,7402
125539,14231,70343,17652
129096,16907,17991,10813
130614,16729,20171,23094
130859,98579,14415,10813
2767,8626,11864,10497
67469,24740,25203,10687
131569,23967,141678,9471
63819,13309,20963,20144
25931,24332,25272,7700
106029,19402,8652,12409
125132,15184,13045,6788
99820,139012,8941,6984
16677,24332,11967,20144
39926,19402,8694,22724
26929,14830,14041,24445
64442,19402,16066,10745
130965,19402,12942,9471
84361,70112,11729,10402
8073,8626,16881,9471
22097,8626,21176,10549
32404,17319,20171,8350
60584,8626,25272,9471
6498,14321,13218,14469
46880,20669,8975,12409
46998,21080,16066,12409
56133,15141,13218,12409
58434,16570,70343,10192
129030,20669,12999,21014
126434,24332,12720,9870
78362,12997,8941,24843
125163,58868,25203,20144
80580,13838,17122,9471
121096,9353,26317,24445
22426,21694,16348,17652
67265,13756,13464,20144
63405,14231,16685,17652
63872,16729,24202,20144
26469,8584,89539,17652
45933,8584,19304,17652
12610,9111,13045,17652
81894,14231,223042,21014
51886,6698,25203,20144
18392,8626,19766,17652
30598,19402,13218,17652
54147,14231,24033,7177
86293,19402,8493,17652
99838,14231,31066,17652
109216,19402,13218,7177
117003,14830,24033,17652
121214,13313,89539,21014
14569,9111,16348,12298
38655,48156,51283,10813
73327,13933,14685,93290
73749,18003,24685,6865
76901,13933,12720,6865
76911,13933,16348,8236
79048,13933,50644,59591
85876,13933,18327,6865
131038,14830,51283,10813
26729,14930,13464,20144
27656,6698,22230,10402
81395,9111,26284,10497
69783,26297,24314,17652
41062,15184,8647,12409
74121,15184,44742,21014
113747,15184,44742,24059
53945,13313,26460,40180
74396,89452,16239,7402
24444,14278,21126,51301
128954,14231,8669,21412
21334,12997,8941,11504
6609,14930,8652,22728
38232,6698,25300,6865
71244,15184,25272,6984
78388,6698,12720,16383
87906,6698,9336,6865
101733,6698,11729,7402
116036,15184,8758,6865
98091,52047,24264,24059
74051,19402,8694,24059
111956,19402,24264,24059
121592,25732,24264,22755
71535,8849,8887,17652
90007,8849,6776,14148
97243,23702,8694,7177
8859,17960,13333,20144
15371,14231,12720,7402
18748,33118,8887,20144
22751,18318,13333,9471
25532,45515,12720,17652
27202,18318,13896,20144
39947,23312,68532,9471
45873,33118,8887,17652
57973,14231,21261,22544
74193,20669,68532,17652
77347,21694,24087,20144
78253,14231,68532,9471
80388,21694,12745,9471
90251,21694,12720,22544
95131,13913,18327,20144
100079,21694,13333,20144
103435,14231,68532,20144
116535,20669,25690,17652
88399,15184,13041,9471
76726,20446,34746,8350
118506,25502,30522,8350
64009,14132,70343,12142
36624,74169,50644,6865
92317,74169,50644,21672
124505,8626,25272,65155
121780,48156,8941,6984
7813,6698,25203,8350
49752,23312,8761,20144
104500,19402,8941,20144
76546,48156,16700,10687
32656,14231,26317,10222
99016,17753,26317,18352
43212,33118,12009,25037
31539,139012,45954,14469
91941,21694,26317,14469
40224,6698,61024,24952
76430,14830,26317,20144
75262,52047,8975,6865
100122,14830,22298,17652
63822,8626,16066,15880
114855,68461,89539,14469
3415,21694,26317,17652
82550,18318,46653,17652
87576,14231,16409,6865
88402,20446,44868,9471
92237,9353,8652,17652
81686,24332,139603,6788
55537,68461,70343,7547
9176,24332,36621,12409
12564,69919,17227,9471
13160,15184,176770,10497
15931,24332,17227,12409
17226,24332,13045,7736
18641,21694,21391,12409
26191,16665,25874,12409
30696,24272,16354,10497
30894,21694,8652,88108
31079,21694,55872,7736
31857,21080,13045,12409
38097,14231,31064,12377
39235,15184,24087,10687
46733,15184,55872,9471
53904,42027,25874,10497
54277,16098,80827,24445
57493,15184,25445,21597
63734,24332,21391,9471
67107,69919,8647,7016
71962,14231,55872,12177
72077,18412,21391,10497
79237,14231,25874,9471
81342,14231,44868,10687
85502,14231,16700,10497
92873,14231,24037,9471
97152,24272,8652,17691
112722,24332,16354,10687
120520,130358,16700,24445
122146,14231,44868,11116
127022,14231,16700,9471
130037,21551,176770,12377
72366,8849,26317,20144
129449,24332,26382,12409
26944,15184,16220,10402
112457,68461,20920,9471
120785,16665,8941,6865
127152,12798,8941,6865
12213,17848,6776,17652
58305,25502,20963,24445
119292,19402,26317,12409
53521,16570,25371,21014
61593,19402,34746,12111
87149,21694,19291,8350
4945,9353,68868,24059
21458,25502,18101,9471
32865,13313,17303,17652
92615,6725,85107,17652
102636,6725,16276,17652
72420,139012,8694,17652
55867,13313,61727,12409
83626,15184,25371,12682
41743,9111,17227,14469
48330,20446,17991,25091
115697,21649,70343,22755
63710,16098,24264,11587
103477,24272,141678,15295
111814,24272,8647,9999
33451,16129,8941,22724
131730,25309,21391,17652
81015,8994,70343,9471
123793,24272,45954,17481
41699,14803,46653,12409
88580,68461,11864,9471
104438,69919,9247,9471
108932,19687,8941,12409
80565,19402,16276,12409
41934,139012,16348,17652
52052,139012,16348,14469
101905,68461,16348,17652
73761,90544,11758,9471
51902,14231,56927,93290
102490,19125,8694,17652
63791,22163,13717,17652
92025,6725,14545,20144
11075,17729,16142,10813
19787,16599,55872,10813
52777,16129,202463,10813
53573,23602,70343,10813
87907,14276,24685,10813
96585,98579,23567,10813
100975,16098,70343,10813
107480,23602,11802,10813
109574,20479,24033,10813
122588,19402,8652,12142
6527,86229,21391,10813
70335,24332,25272,12409
15808,14231,14595,15093
128330,14231,136476,15093
49878,26819,25203,17652
56248,13714,25203,12682
127891,6698,31064,17691
59481,16845,24002,12409
43009,68461,23567,14148
55762,13933,39748,9870
17121,12974,16066,21712
97993,12974,13896,20144
69028,82659,25203,7402
82173,15184,25203,10497
36496,15206,8652,20144
67956,15206,8941,17652
118471,14944,8941,17652
17765,19611,14692,21014
38033,16729,90044,20144
42731,82659,36766,24059
87378,14231,25272,6865
56712,13838,24264,9471
9711,17319,45954,7016
69993,17319,6776,10813
70204,16129,89539,11341
81124,8465,16700,10549
103254,68461,176132,12409
103549,17319,6776,12409
126506,130358,23600,8350
11559,19402,25272,12409
13707,12997,20611,6865
29958,12997,12942,19897
30562,45515,17227,19897
34043,16570,8847,9959
36306,14922,8941,17165
46983,16570,8941,9926
51169,15368,8941,19897
85098,16729,55872,9998
90391,21551,17227,19897
90985,13113,8941,49001
91895,74915,23874,6984
124278,98579,55872,21014
129241,21080,46653,6865
48710,16129,70343,10141
77792,24740,11967,19017
36533,14830,26317,9454
55333,21551,56927,12377
66528,17242,56927,17165
100320,21551,56927,15295
70914,16570,8941,21398
119760,9111,12720,8350
25450,14411,6776,17652
101869,45515,16348,6984
91101,24740,20675,21014
93774,24740,70343,17652
58278,14961,26317,10813
368,24332,21174,12682
67832,139012,24202,15880
89702,139012,26317,7177
93404,71722,44868,24445
101922,139012,26317,15880
115222,9111,26317,12682
76060,14231,14690,51301
11608,19402,26317,19232
36478,9353,61024,20144
114666,9111,16573,20144
3506,18318,16066,17652
38319,14231,14685,25091
46723,23312,45954,24059
85222,6784,19304,9471
129416,98579,16066,12682
106580,15184,56927,12409
1223,13838,21261,21398
27918,13838,54702,7402
69000,15206,15715,76594
112209,14231,45784,24059
124752,14231,25371,24059
104314,25309,13948,17652
109635,14830,85452,12682
119407,14830,85452,17652
120919,14132,85452,17652
64334,14231,13218,9926
32272,19402,26460,56673
65421,19402,46653,9926
126703,6698,46653,9926
90275,14231,25371,11058
122015,19402,8652,17691
87308,9111,46653,18359
102516,16129,11805,17652
27531,14231,16066,15880
27663,8626,21391,13483
42718,8994,16066,10294
44017,14231,46653,9471
44182,17319,16066,7915
47358,17319,8720,10294
48035,14231,71251,21672
49416,8626,45784,12254
53324,12974,89539,22724
53953,14831,46653,88354
54695,6784,21391,8047
62458,14231,21391,11504
68306,15034,17991,9471
68583,21318,46653,25080
75281,8626,70343,9471
83430,8626,17991,8101
94031,26924,8720,21398
96232,15034,70343,7177
103396,21318,8720,9471
105179,17319,16066,9471
106270,8994,16066,18352
117267,14231,21261,18352
122084,8626,8720,9471
56939,19402,22927,6984
93640,19402,55872,17481
38138,8584,16276,51301
124994,16570,16354,10813
50534,14231,15051,21712
61885,6698,18327,9999
77128,6698,8941,7878
85100,14231,8669,21712
96749,6698,70343,67656
114443,6698,141678,9999
6285,13933,25203,6865
9881,17319,8694,51301
12116,26819,176770,20144
34659,13933,27254,20144
34967,25155,20963,20144
92244,22637,223042,20144
99067,25502,24264,6865
117966,13933,16066,51301
11958,21694,8669,17422
47189,16098,21176,25037
48917,20669,17227,14469
71539,24332,69792,24059
121626,16098,8665,25128
55774,26297,52734,20144
77360,9111,8941,21014
18980,68461,56927,24952
98236,14961,26317,24059
116387,19402,16573,21014
50869,20446,89539,17652
101868,143082,16700,93290
101215,9111,13978,176581
51728,74915,30522,17652
38243,32632,75861,7402
84759,10685,17991,17652
58501,17904,11967,20144
3613,6698,24087,6865
17974,73047,75861,14469
19592,19402,20701,14469
27397,21694,70343,17652
40465,13838,8965,10402
68584,19402,25874,21014
83706,26819,45954,93290
116094,8626,46653,17652
41676,14231,13023,21205
45300,9111,89539,7402
106988,17319,78299,8350
42200,24332,11864,15880
96768,24738,8941,10497
115233,6698,8941,6865
88683,13941,19304,24059
107414,13104,11758,9471
79874,17319,25203,7402
45392,82923,8720,17652
108112,13941,24264,9870
15746,24332,11802,20144
24277,14231,24264,9926
50705,20242,16700,10813
51801,98579,46653,20144
59567,21041,8694,8350
60893,98579,24264,10813
66216,98579,46653,19897
76244,98579,8694,19897
78220,98579,16700,9926
93345,71600,46653,10813
95406,14341,46653,21014
118825,98579,223042,9926
122644,14231,16700,9926
70471,139012,25203,6865
50170,25333,25203,12682
102074,69919,16066,7016
62174,24332,8652,6984
107550,19402,8941,10813
25409,82659,14595,15995
35409,21694,14595,19079
48292,14830,34137,24445
58276,24332,8839,9471
72488,21694,13948,10813
110659,14944,136476,10813
126946,82659,14595,10549
8662,21694,6776,69960
10708,6698,18906,22755
12961,16129,6776,17652
24004,21694,21174,20144
35454,21694,24002,67656
38453,16098,8647,20995
44192,16570,21174,9861
46389,6698,25874,76594
59945,70702,16239,9999
67468,14231,12009,10222
70656,14276,12009,9999
74536,16098,6776,20995
76205,24332,8652,24378
79414,24332,19304,17652
96462,161916,6776,17652
102083,24332,16239,17652
117837,14231,8941,9870
124574,24332,25874,13564
125893,21694,8700,9999
130720,6698,18906,15067
38690,15184,16348,20144
38747,13035,25203,20144
54284,15184,25203,20144
60484,15184,16354,21014
61169,25502,24685,6984
82128,15184,16354,22544
92201,98579,20415,9471
71340,24738,178993,17652
125500,143082,8941,17652
90315,9111,24087,10402
120534,14231,14685,10745
47840,14231,16573,9471
59326,82659,46653,9471
60696,17137,23404,25639
105115,14231,8847,20144
121497,19402,17991,20144
108416,19402,6776,10402
113802,19402,61727,10402
90732,13941,24264,10813
105686,9111,11805,9870
51636,14231,26317,7402
120893,6698,26317,6865
28779,9111,56352,20144
22787,6725,16416,7402
49615,8849,46653,21014
60970,16729,17991,7402
70541,20859,13218,10402
91162,98579,17991,22544
120190,15820,46653,10745
84731,14231,19963,21014
46078,15206,25321,21014
2114,16729,12942,17652
47652,16098,14319,25128
103865,71722,24264,20144
36332,14231,89539,17652
94598,15184,86230,8350
32677,15184,8887,9870
19431,6698,50644,9926
65833,15184,78299,12682
108806,139012,17227,12682
51936,14231,20680,10776
65767,16570,6776,10776
75979,14231,16066,10776
78141,16570,50644,10776
122638,8994,31144,9926
128855,6698,14690,6865
126919,26819,16066,17652
83235,98579,8652,12409
123400,6725,12942,7620
82910,26819,8941,21014
24731,19670,6776,9926
8712,19402,26317,17165
45883,19402,21391,9471
66127,19402,15715,12409
90770,14930,21391,12682
111074,19402,26317,12682
57174,15141,14685,9471
127651,21551,23600,6984
55918,6698,12999,6865
114836,40399,8694,12377
66381,9111,17227,6900
51541,26819,46653,9471
100885,14231,13079,17652
101535,98579,26317,9926
30221,24332,21391,7958
105188,24332,8694,15836
49296,19402,73634,10497
71018,19402,25203,12409
76642,19402,26257,17165
87513,14231,25203,17165
94096,17319,73634,6865
55086,70112,26317,6865
95905,14231,56927,11587
79543,68461,40450,6984
25173,6698,16276,16080
28364,9353,17303,10687
67078,8849,8734,26019
108388,16098,24264,24059
119016,71722,18906,7402
75159,6698,11689,7402
90153,14132,26317,17691
129605,14231,78299,9999
2014,9111,8941,20144
123228,14231,8694,11587
52979,24191,8694,9926
14592,18318,8941,17652
21766,68461,18830,21014
52406,8584,16066,6865
101345,26740,141678,11587
38935,24832,13023,17291
128154,16129,49943,7495
115508,21551,11967,10776
91194,14950,26460,20144
82163,8584,16066,12682
37786,21694,25272,15880
64041,26498,8669,8350
111382,12974,6776,15995
75498,70112,56927,12409
10408,23929,6776,20144
11513,19125,20963,20144
22983,8626,70785,20144
48291,20242,47407,10813
50129,24643,11758,17652
87015,8626,20096,17652
93082,13933,6776,22724
94422,8626,6776,20144
99476,82659,14495,20144
105019,20242,14495,17652
101015,14231,21391,9926
55383,14830,8734,9926
118625,143082,25203,9926
16946,16098,16354,24059
20000,14830,8665,10813
38067,16098,8665,24059
58937,14830,6776,22724
62987,16098,6776,10813
114048,14830,6776,11587
37128,14231,17227,15880
15883,74915,16276,21398
77236,74915,25203,15880
538,21080,70343,10497
17900,15820,20916,20144
22785,17729,8652,12298
23393,14285,16881,7016
26609,21753,21261,7304
54556,18318,16664,11587
110534,14231,16881,15880
122310,14231,46653,11058
125145,26924,12942,51301
23159,14231,12745,12682
56363,15184,8941,7402
95773,21318,8941,10402
103416,21551,8647,20144
101147,13941,17991,12481
102129,26819,6776,20144
69440,33118,56927,9471
73341,24332,26317,6984
66025,13930,11805,9471
99786,24332,8694,9471
45828,68461,8941,10745
109227,8947,8694,10745
129744,19402,55860,22724
77253,19402,8941,23439
29925,13838,8652,17652
75449,68461,26317,10402
128645,8597,17991,23439
35592,26819,11758,25832
97902,139012,55872,6788
127682,15184,13218,17652
10108,15184,88817,7284
117623,14231,44868,217181
14487,21041,24002,10402
20805,6725,14169,17652
36490,19402,23404,13483
23661,25505,8941,9471
82567,14830,16066,67656
110420,166638,56927,24445
103641,6698,19368,20144
127394,14231,19368,20144
100133,25502,56927,76594
31287,12974,22927,17652
41844,14830,13978,17652
84888,14231,13978,17652
129442,12974,85452,9471
20938,15184,22230,6865
122124,14231,35963,21398
4004,17319,17227,21014
65846,19402,20593,17652
105884,130358,16348,12409
119372,139012,46653,6865
129588,19402,8847,93290
11327,13838,14685,17652
15073,14231,26317,10756
47336,13838,8694,7495
53111,14231,14685,12682
85580,12992,8694,17652
122800,14231,26317,220943
73410,16907,46653,9471
7041,6725,17227,17652
25698,143082,8559,10776
64138,6698,6776,10813
92933,6698,6776,6865
22702,16570,24087,20144
129654,21318,46653,20144
64413,24332,16881,23337
76925,139012,13333,17652
91204,24272,141678,12409
112906,14278,13333,17652
29076,8465,23567,17652
72830,59671,8720,15836
59512,6725,16700,20144
72194,24833,45954,20144
131479,25309,46653,12409
91439,14231,12942,21014
126295,15368,25874,6984
67073,25502,11835,14469
125503,6698,11864,24059
30074,14276,50644,20995
51632,8849,80969,12177
63318,20669,18327,25091
92504,8584,24202,51535
107075,40399,12720,10497
117379,14231,56927,24059
122963,14231,56927,21014
96615,16129,55872,20144
64235,20242,16239,14469
35740,139012,24202,6984
116582,24332,13023,17652
83437,26819,70343,17652
48371,24272,13218,18040
87680,14231,12720,12682
31297,24272,11758,9471
39703,17753,25371,17652
61304,59671,14595,18980
64849,24239,11835,10497
91370,74915,26317,9471
102973,74915,25874,22724
116360,17753,26317,9471
122441,14231,46653,9840
123702,25309,8720,12409
94616,15141,50644,10687
8834,12799,6776,6865
32832,16729,16700,25037
37485,16729,16066,12298
64408,13941,16066,21014
106573,13941,6776,21014
112280,15184,24033,12682
57409,14231,24033,15067
62612,21694,56927,12151
106238,6698,26460,12409
125945,143082,223042,17165
126975,21080,203951,7722
130910,14231,56927,15995
122371,13838,56927,12682
83358,14830,6776,8350
40764,13121,8652,8350
45200,68461,8847,9926
72780,8626,18327,9926
82956,25536,8941,10402
106733,16729,56927,24952
26524,6698,12009,13477
112380,12974,11967,13477
97080,21041,18327,16080
121681,15034,8652,25832
33426,24332,26317,20144
19103,143082,8652,6984
41865,17319,6776,93290
58852,6698,23336,6865
85395,17319,142972,6984
85967,17319,8652,7016
111640,14231,6776,6865
64685,9111,73634,22755
36876,15206,17227,10745
55864,19402,61727,10192
75272,14276,46653,20995
46636,8626,89539,20144
95517,19402,61727,7475
10624,25155,11967,20144
35334,8626,30522,12409
85593,26738,24202,12409
85693,6725,23852,9998
87982,12997,25272,24059
111210,9111,16066,40180
125172,6698,46653,10813
91806,139012,56927,10402
106046,52047,14041,20144
5811,25502,13218,169305
8790,68461,19368,12696
94132,16729,24087,6984
47360,21551,8694,10684
66104,143082,56927,10684
62245,14089,12942,17981
121304,19402,16348,6900
82897,13838,8847,94055
16904,143082,35200,12151
111032,12974,85452,17652
87697,9111,13079,23439
43216,24332,78299,25080
13605,98579,16348,17652
37078,16729,56927,21014
65272,98579,56927,17652
104007,21551,8941,9471
14465,16098,25203,10687
25290,18318,11729,6984
32845,18318,13218,6984
47924,74915,45954,22728
51368,12992,14140,10813
63983,12992,21391,10813
67508,74915,17991,7016
95960,9111,26460,6865
116698,90544,21391,6984
46475,14961,16700,10745
50303,15184,44868,7288
64823,15184,21004,7987
91590,16570,14595,9471
96694,14922,14595,9471
115236,26972,6776,9471
115842,15184,45954,9471
123130,98579,14595,21014
127827,15206,20171,7495
91233,13838,21261,17652
108891,82659,20680,17652
97006,21551,25203,19009
106824,21551,73634,24059
79126,25536,26317,7402
60130,15184,80969,10497
59439,13933,8941,8350
77919,21694,13333,17165
98895,139012,83549,93290
112341,7216,25203,76594
47811,6725,20675,6984
6946,98579,24033,7547
77031,14231,9377,9471
100864,24332,13717,9471
106052,24332,9377,21014
123736,13113,13023,21014
125722,14231,51283,7985
14372,24332,26317,16853
29615,13313,20963,76594
111508,24332,11864,7402
131695,14231,8652,14469
100629,19402,56927,17165
87213,6698,8565,12481
129795,25155,21391,19017
104821,6698,25321,7402
22757,16907,21391,14148
44891,16907,8694,21014
80413,68461,24264,21398
24374,89452,89539,15880
49396,26819,21391,9999
61879,26819,21391,8350
60755,17319,20593,7402
45748,24332,16354,217181
67454,24332,15375,19897
77476,8849,45954,9926
79020,24332,85452,22544
99539,8849,16723,17652
16749,21587,25203,12409
19215,13933,12942,11646
34274,24740,24002,12682
40150,14132,56927,19108
45577,21587,16700,6788
51597,68461,14692,20144
52864,24740,24002,20144
52879,15141,14595,21014
57900,8597,78299,20144
59343,68461,16066,9861
61315,24332,78299,12682
70900,6698,46653,6865
86176,15184,78299,22955
92018,6784,25203,22755
92064,139012,220125,7016
103060,6698,14349,6865
105902,8597,88817,15880
91596,14278,24202,17652
100248,14278,16066,17652
89801,8626,8694,25563
76864,14231,25160,17165
86463,6698,16354,9870
46992,13838,21391,7402
78250,9111,22298,21014
116770,9111,21391,7402
8329,15184,11805,10294
15361,6698,16066,9870
20217,14930,16066,10813
34842,52047,70343,10497
55100,14930,16066,20144
116986,8932,16066,6984
38775,8584,70343,127491
94694,23236,13717,6865
115244,14231,22729,20144
127309,9111,16276,7177
96599,239059,12942,7958
109342,8932,16066,16080
42847,8597,8734,15880
126013,19402,8652,15880
70735,19496,220854,17652
113599,15184,16066,12298
42584,69919,16348,7402
78608,139012,24087,51301
92270,139012,56927,51301
110205,19402,21176,6865
7783,14231,17227,8350
109753,17753,78299,17652
35698,12974,89539,24059
70665,12974,56927,12682
68179,6698,16881,12481
91146,13933,26317,17652
117470,17319,16700,10497
76822,12997,16239,10687
92900,8626,12720,10745
62617,6698,13464,10687
115287,26819,25150,17652
97233,143082,55872,9471
106095,16570,18440,9471
122038,143082,203951,9471
122361,15368,13218,17652
85032,12974,13023,17652
54184,9111,86230,12377
109234,143082,26257,21398
121875,68461,8941,25832
82336,139012,15715,17652
90755,24740,16700,24445
113833,143082,213636,10402
72409,139012,16066,10813
36042,15184,24264,20144
99963,25502,26317,7402
48833,6698,24264,9999
5079,21551,25203,11587
114872,15184,73634,40180
97652,52047,11805,9471
18295,13517,8652,14469
49521,16098,8941,10813
82997,59671,8941,10813
95546,16729,17227,68348
55748,19402,8975,9998
115445,19402,55872,10745
118483,40399,11805,10549
126035,17319,20171,9870
109447,68461,56927,76594
46848,13941,14041,25037
80507,14088,14041,10813
81993,14278,17991,12682
107295,15820,8694,20144
88566,21171,8941,6984
117844,16810,8941,22755
45415,26819,26317,10141
15006,8626,56927,14469
6448,19402,14685,7402
50548,14276,72715,20144
111955,17897,16664,9471
4017,14231,8694,15399
8050,13933,8720,17652
78460,24332,56927,10745
39506,82659,16881,20144
86333,82659,16348,17652
131082,143082,51283,10497
94976,143082,86230,7307
90592,14231,39455,20144
69489,69919,8647,7402
83589,13062,56927,6865
88861,13062,73634,9999
90105,14231,14693,14469
21384,24643,8941,12377
49257,9316,8647,17652
64348,9111,16276,12682
67444,9111,16881,10222
74270,82659,114417,8350
84069,9111,18327,9471
84729,19402,56927,7402
95512,9111,56927,8350
117360,6698,20675,21712
116481,21694,73757,14469
57051,26819,26460,10497
70284,26616,8941,7402
82166,13838,8941,10497
125354,70112,19368,7177
80390,9111,24087,12682
122803,98579,16066,10294
23143,139012,16664,10497
24510,15206,23874,24059
32829,139012,25203,10497
67292,90544,56927,8350
77915,16845,16066,10497
95170,14231,8694,12142
86602,19402,20171,10687
39853,8626,26317,20144
87025,8465,26317,9471
73813,13838,16066,12682
43437,13933,17991,9471
103547,16729,203951,21014
3086,68461,16066,9926
49254,9111,45784,9471
104441,14231,8847,22440
40901,8626,8580,10813
766,19687,25874,20144
13695,14278,83844,9471
16007,17319,16881,17165
27315,19687,45954,10402
36668,12992,45954,20144
38522,23602,45954,11587
43778,12992,14690,6865
53438,139012,20680,67656
54842,19402,20171,11646
57679,19402,13742,17165
75895,16729,8694,10497
76831,24332,89539,10402
82346,24332,56927,17652
83203,15820,56927,17652
86343,15184,16239,176581
95785,24740,16427,11587
102387,14978,13045,20144
106637,23602,16348,9471
112081,71722,35200,25112
119631,24740,14595,6865
120347,15184,14685,15399
115792,6821,13096,6865
68491,23591,223042,20144
46506,24634,26317,9471
83154,21694,23600,7402
17648,19687,26317,14469
23968,12997,21174,10813
28731,24738,8887,12409
94896,16129,24202,7177
106686,16129,8734,15295
114125,20669,20171,17652
88754,6698,61727,24059
111218,6725,18906,17456
5124,14132,13218,10687
81326,14132,56927,10402
69655,13517,17991,10745
126327,13941,16276,17652
27510,68461,11758,23056
88160,25155,8694,10497
101528,23702,8694,9471
59981,12997,14685,20144
48701,14231,8694,10402
86292,59671,45784,25037
125248,21694,8665,22728
41637,21587,26317,17652
27433,21694,56927,9471
52205,13933,85452,9471
122756,143082,68532,9471
117221,14231,8941,7016
7884,17319,6776,21014
84547,24332,25321,7402
99595,19402,31064,22544
102936,13187,26317,93290
111363,20242,24264,10402
120978,16123,16354,17652
127232,143082,55872,15880
117428,26972,12720,6865
83793,8626,16066,8379
122786,9353,26317,12409
106618,23312,16066,12298
80257,80743,80969,17652
63303,98579,86230,10813
32714,21694,17991,7402
85109,139012,11967,9999
92529,52047,8694,17652
101753,15206,56927,17165
26,16729,8853,25037
11731,15034,14685,10776
12945,17319,11757,17652
24586,15368,14685,20144
28901,93666,50644,24059
50048,19402,20611,24059
50171,31845,8941,7515
55011,26819,11802,10776
56406,19402,50644,22810
66881,14157,50644,10687
67299,69919,8652,17652
68177,21694,17227,67656
69657,26819,34746,21712
73684,40399,17227,20144
76838,26819,8941,24378
82939,21694,50644,7722
88949,40399,17227,17652
91972,139012,19368,9926
92371,100182,45954,19108
104035,16760,18327,10687
114885,17319,16354,9471
116351,9353,6776,21398
83980,24332,20680,21712
108208,6698,16354,24059
107843,13838,56927,17652
116728,13087,26317,7565
81507,12974,24033,9926
84689,25155,20675,25832
117397,15184,17227,17289
116336,14231,26317,10141
117753,17753,51283,7402
82549,139012,24087,9471
8974,16098,25203,93290
78257,19402,26317,11587
82559,24272,26317,10402
113180,14231,19291,6788
58475,6698,13218,6865
128591,15184,9377,15880
132022,13838,25203,10813
129127,6821,56927,17006
103576,13116,25445,6865
80290,6698,24264,20995
60831,6698,20171,93290
90855,68461,19124,21398
88466,139012,8652,15995
116061,139012,26317,12377
98849,16729,8941,25642
49799,48156,26257,51301
90042,14276,15679,10549
102914,84214,45954,21014
118066,19402,8720,21014
554,15184,45954,12682
12311,25502,8694,9471
13502,21694,23600,12409
36283,8597,16700,17652
64101,14278,16066,12377
81113,16115,17227,21014
119044,20242,14153,14469
131447,16098,54030,24378
118986,19402,23567,17652
4076,59671,25203,12409
96744,82659,25203,76594
85460,6725,11973,9471
16767,21694,9377,7177
20875,16729,16659,17652
26959,8626,51283,17652
30209,9111,55872,20144
30320,21694,25203,24494
36539,143082,16354,17481
40919,143082,16354,17652
42583,9111,26460,7177
49385,21694,137414,12409
60605,19402,46822,17652
61022,19402,18327,20144
64082,21694,6776,7177
67452,143082,45957,20144
70671,19402,6776,19897
71278,8932,16354,14469
74633,21694,11835,20144
75275,21171,16354,19897
75589,21694,51283,14469
79431,21694,9336,19897
83590,14291,16354,17652
90048,14231,85452,9471
95467,17319,6776,9840
100801,21694,11835,12409
104956,89452,17227,20144
106452,16729,8499,45397
109120,143082,12720,17652
112699,19402,6776,21014
124771,15034,9336,14469
125133,25694,16066,14469
124157,13933,16354,17652
101655,17319,30522,7402
58964,8932,26317,25832
81733,21694,137414,9471
85898,21694,137414,9926
9357,19402,8652,10402
14094,16570,11802,8358
22019,52047,16354,8358
26221,70112,6776,12377
28736,13838,22230,20144
34520,70112,16881,9999
37883,17319,85452,6984
38017,17319,18074,20144
43935,14231,16664,6984
45245,14231,26583,7402
47914,141046,24033,17652
52005,139012,16354,9926
53161,16129,25203,8350
56509,52047,14562,9926
61713,26972,25371,9999
63837,12992,17991,24059
69438,23596,30522,17652
70826,24332,23567,22724
70951,139012,16881,6984
86684,24332,24033,10402
91247,6698,20045,7402
93724,139012,16354,9999
96117,24332,15715,17652
102014,16129,24087,9998
104428,19611,13023,6984
112710,239059,17991,12142
114929,21551,13218,7350
128370,13941,84270,9471
81862,19402,83549,9926
87886,19402,24264,19037
40168,9111,71251,6865
78013,9111,23567,6865
72505,17319,34523,20144
9393,13838,17991,9471
35751,139012,26284,6865
65414,13838,70343,51535
82777,139012,19368,9471
88395,26616,19368,12682
44243,17319,8941,21014
127845,19402,8941,11058
50473,14930,56927,7402
120815,143082,56927,51535
86785,93666,85452,20144
20550,21551,26257,16080
27721,13838,6776,10684
32999,16098,8941,25059
105076,21694,46653,25112
28961,20669,26317,14469
74144,14830,12942,8486
80086,14132,21261,76594
108116,14132,20082,76594
49081,14231,23600,11520
70351,17753,25203,8350
74603,13933,13023,10497
30847,14803,20963,7402
42414,40399,16066,18352
44571,17753,14606,7402
44599,19402,73757,7402
57948,21694,24087,25642
61378,59671,14595,21398
69344,21694,56927,25832
104869,8584,35963,7402
105462,24272,16066,21398
79329,44491,46653,14469
98553,12974,11805,6788
128658,8626,78299,21712
111282,14089,26317,10402
41811,14930,8941,6984
45009,14930,46653,6984
46326,25309,85452,7722
75763,8465,26317,12377
91208,6698,26317,21014
113595,62686,20171,10813
66976,20669,31072,17652
69239,14089,26317,12682
121623,15206,17991,17481
99370,143082,9027,11382
124964,19402,44742,21014
34900,21694,25203,17165
41526,21694,16066,17165
85116,16570,25203,21014
122701,19496,8941,10687
27043,22163,13333,6865
32074,24332,8847,25787
38371,13933,25690,21672
45573,13313,12999,21014
78025,24332,8847,6865
79918,139012,16881,21672
100112,139012,11689,6865
108748,13313,13218,21014
125411,13313,13218,6865
122046,17319,89539,12682
95698,59671,17219,24445
90882,16729,8694,15869
7725,16845,56927,8350
28670,12974,16239,15880
86493,15184,20096,17691
95980,143082,36766,6788
108308,16729,16239,15880
124971,8994,8847,17691
59573,9111,14690,17652
36299,82659,12720,17652
89120,20242,87496,17652
78136,8626,11805,24445
11584,15436,46653,17652
45468,13062,24002,21398
46296,8994,16700,24445
77021,13062,8640,67656
106833,8849,223042,21398
129514,8932,26317,12377
98379,14231,142972,17652
100095,139012,142972,17652
39972,69919,26317,17981
51726,20669,56927,12151
103053,24332,86230,7883
114289,14231,26583,15880
97675,16129,18781,25112
53812,98579,14316,17652
76483,74915,25321,17652
58309,21551,25690,17652
97424,6821,46653,6788
36159,19402,8694,67656
65797,19402,24087,21014
78130,15184,13045,67656
81873,15184,26317,17165
90281,15184,11758,17652
95329,19402,40545,21014
107604,15184,13717,17652
108226,15184,14685,17165
28360,13113,55872,17652
71257,14132,8652,12682
78375,19402,16239,10813
93483,14088,23567,17652
5177,14830,24087,9471
91032,139012,26317,6788
87386,16570,45954,9999
120980,6784,8669,8350
5852,20669,26317,20144
128060,17897,23600,10222
119992,139012,16700,21398
106564,17319,20171,10638
14507,19402,24202,20144
108497,14231,25272,9870
80943,143082,12009,10402
101675,24738,24087,6865
7284,19402,14595,6865
80146,24332,8941,21398
121263,19402,26317,15880
63852,14231,8694,12682
111113,21551,13218,19079
63400,14830,78299,8236
53160,139012,46653,7402
61201,68461,20675,17652
73009,143082,14169,17652
82807,143082,25445,12682
109557,19402,21174,12682
21635,15184,59661,17652
458,26819,16066,14469
83459,13941,18234,15880
97218,16729,23567,7177
104487,12771,73634,11504
101392,13199,26317,6865
97265,89452,8941,93290
121300,239059,20171,51301
82141,12997,50644,93290
129417,14088,21261,21672
124014,21694,8847,51535
49308,15184,14685,17528
65189,14231,14685,17528
72014,74694,17227,17652
72572,8584,26317,21672
105494,14231,21174,51301
109607,44491,26317,6865
107549,7216,21261,21014
66202,15184,8565,16080
50717,74915,56927,7402
74433,13838,13045,7402
100951,19611,13333,17652
100238,13941,45954,191275
117489,8626,25272,7495
4009,17753,8694,9471
83138,17753,17227,21712
120039,69919,17991,12377
8583,26616,16700,22724
32047,8626,114417,9999
53737,98579,70343,14469
77836,17319,114417,17652
93302,8626,45784,24445
97490,8584,19304,9926
112124,98579,8720,24445
125781,74350,166140,10813
10516,14231,12720,6865
12839,143082,56927,21014
105206,21551,8694,6984
116282,143082,56927,6984
74863,70112,8941,10497
90721,16729,8941,10402
35174,15184,20096,10497
118671,12997,26317,20144
47472,13313,24264,25639
121697,24332,14595,17377
116128,21694,36766,9471
6960,8626,8720,10497
62352,9111,46653,17652
129275,15368,8551,12377
120968,218794,8853,12409
92208,143082,71251,10497
110558,143082,8734,6984
119825,143082,25203,9471
18982,15184,14746,21398
35528,139012,58642,11587
117515,19402,24033,12682
88506,26924,11864,21398
122199,24332,15051,93290
129596,21551,8887,65155
20840,52047,8652,22724
35153,8849,45954,17481
53338,6698,18019,24059
81643,15206,46653,10402
110844,21694,90044,17481
87267,6725,56927,8236
38629,71722,15679,25037
45724,12974,8694,9926
61037,25502,13717,17652
89047,21694,17991,9926
104926,25502,24087,33647
120302,16729,16066,15295
79425,14830,8941,17165
65275,20669,56927,76594
33597,24332,26317,7915
90880,14278,17227,17652
33739,14231,25203,6788
50703,16570,25203,21398
20239,14231,86230,24843
61937,14231,26317,12196
86753,14231,25203,24843
4698,24332,14692,10497
43703,9111,25874,21672
98807,16129,17991,10497
108567,55091,56927,6865
94275,14231,26317,9998
35035,14830,8963,10497
86859,13933,26460,10497
29068,16129,23567,59591
72733,98579,8694,93290
73791,24332,16066,7915
92046,24332,45954,35255
46344,6698,55872,22724
35903,24833,14169,21014
102758,21694,17136,21014
131216,8849,26317,10402
113217,14231,19291,24445
5908,15184,8941,20144
116467,15184,8652,22724
82392,9111,13717,22544
86175,14231,12072,6984
83730,21694,25203,22724
71008,9111,25690,12142
1995,6725,16066,12682
117810,13313,21532,17652
97138,93666,176132,7402
92768,16098,16354,9861
122126,24332,20096,6865
12049,19402,50644,9926
54982,21551,16664,26019
69544,19402,13218,10638
102264,19402,13218,6865
122428,13087,8669,7565
122516,19402,13218,15880
8122,14231,16066,15399
50559,25155,24033,9471
69531,6698,21391,76594
117905,17729,17991,7402
13779,19402,16276,10497
31830,68461,17227,24843
37068,12974,8847,14469
114779,21694,16354,169652
80010,12974,26317,13477
71644,19402,26317,15869
124775,19402,6776,9959
22960,6698,16066,16080
42304,13087,21391,12409
50179,17319,16066,12142
65289,8626,16066,16080
68534,6698,13464,23337
74276,17319,45954,16080
105456,17319,56927,12682
120701,68461,25203,15995
39789,21041,46653,10402
91570,13941,14685,21014
51184,143082,17227,7402
109431,21551,35200,7402
103999,16570,8847,12377
16723,14231,14685,20144
130703,14231,80969,76594
87258,12974,13218,15880
49705,19402,8941,22724
105545,19402,26583,12298
93397,19402,8963,17652
120901,19402,21391,51301
61437,9111,15715,14469
115677,9353,26460,169652
82376,68461,78299,9926
6029,9111,15715,24378
9953,24332,24202,15720
12093,12974,24209,93290
13203,26740,31064,6865
15620,9111,24264,12481
19605,21551,45954,15067
25382,15184,26460,12481
25778,26616,17227,7307
27465,22163,8941,9999
32273,21551,14685,8350
32868,24332,15715,24059
35154,12974,24202,127491
36381,14231,18019,21130
36769,12974,8652,10497
50942,143082,14685,24952
51000,24332,16881,21484
51296,8626,23852,7177
53077,6725,30522,10402
60589,12974,26460,8379
62602,8626,86230,191275
64862,8626,19368,7883
66487,15184,8941,9870
70539,24332,44989,10497
70818,8849,75861,17652
71953,8626,13023,79313
74561,14231,26460,127491
75370,8626,25321,8350
76843,8849,26602,17652
77134,21551,14685,7985
84354,15184,30522,19897
84826,8465,14685,9861
84971,8849,15715,10197
85378,9111,25203,9870
85780,19611,8652,9998
92474,14231,23874,10497
103922,8626,30522,10294
105287,13933,8694,17289
107504,12974,25321,8350
110875,8626,19368,15067
111417,12974,25203,9999
121481,14231,17227,89710
126724,6725,14685,17652
128881,21551,13023,25080
129175,12974,23874,25080
118393,68461,20680,21672
45022,12997,26460,10813
82085,15184,8941,10813
49613,82659,26317,17652
43223,16729,26317,22544
58738,13941,26317,11058
79100,19402,24264,22724
119202,19402,14595,22724
93081,19402,11973,21014
81803,82659,26317,9471
119860,25502,78299,9471
108765,14231,14253,17652
29537,26819,25371,10497
104411,14231,141678,24378
90123,24332,56927,22724
111396,19402,7238,17652
52004,14830,52734,21014
48707,19496,8941,20144
97408,143082,16354,10402
87584,14132,34746,17652
90981,14132,141678,17652
113557,14231,14041,10402
123615,21551,85452,17652
70622,16729,11805,12409
78849,15184,8887,9926
68388,19402,16239,7284
8930,15184,51283,20144
18456,14944,17227,51301
104666,14830,89539,9926
89098,68461,6776,6788
110941,51226,6776,6865
102424,139012,26317,20144
14264,24272,8941,6788
113322,13933,8652,17691
116011,24272,11805,6788
107473,139012,40545,9926
57220,13062,23567,23439
59851,14231,44868,21014
72606,14231,16348,24059
99065,21551,23600,24059
58201,14231,87438,7402
88380,20669,19304,12142
15067,6725,23600,6984
6181,26972,14685,12409
115466,12997,13218,20144
109684,14231,13041,22544
20946,68461,17991,19009
116996,13838,16881,25832
96866,19670,24087,17652
118832,14231,88817,51535
68259,6698,18440,9926
66094,13087,12942,17652
66634,24833,8941,8350
110651,15184,21391,33647
27917,14231,8975,21412
90400,24332,17227,10294
107933,20669,20082,20144
126576,6725,23600,20144
118347,13113,56927,12682
66470,24332,19304,9926
130944,15184,31064,10813
56996,14231,21261,10402
98535,16907,21261,12409
99834,70112,24264,12481
60023,26819,16354,9999
75229,14231,26317,127491
71030,45515,34746,17652
97884,8932,46653,24059
104168,14231,17991,25112
41182,25249,26317,7402
22762,15184,20675,17422
6089,9111,46653,6984
48175,14132,21391,6984
75643,13309,46653,6984
126640,14514,16354,6984
128091,8849,8941,10813
107622,13941,12720,11587
5797,16907,13742,19009
7239,14675,17227,24059
9283,8584,8941,7926
15393,20446,46653,7515
19037,13113,50644,19009
24378,20446,12942,21712
30228,8584,16348,10745
36227,24332,8652,22724
37429,20669,14595,25037
47242,15368,8941,11376
48333,16907,14041,24445
50223,19496,8694,11382
50997,20669,14595,24059
53733,14231,176770,10687
57873,14231,13218,11382
70572,8584,46653,21712
82888,20669,8694,21014
83016,14231,17227,13564
86784,18318,8694,11382
95982,24332,223042,11646
97669,6698,16881,9870
131366,12997,83549,21398
106410,14830,21176,10549
27283,15206,70343,20144
3369,14231,16348,17691
70926,26297,16348,12409
